user_id,timestamp,channel,event_type,conversion,survey_score
user_716,2025-01-11 01:40:58,social_media,click,0,
user_775,2025-01-06 15:11:40,social_media,click,0,
user_968,2025-01-09 16:24:57,organic_search,click,0,
user_862,2025-01-23 08:11:47,email,conversion,1,5.0
user_524,2025-01-09 00:43:19,direct,click,0,
user_657,2025-01-11 20:36:09,organic_search,open,0,
user_847,2025-01-24 18:00:36,direct,open,0,
user_574,2025-01-16 11:23:21,direct,open,0,
user_637,2025-01-16 11:10:22,organic_search,open,0,
user_74,2025-01-11 14:34:46,organic_search,open,0,
user_729,2025-01-04 04:15:46,direct,conversion,1,3.0
user_358,2025-01-08 12:02:26,organic_search,open,0,
user_904,2025-01-04 14:42:41,social_media,click,0,
user_308,2025-01-12 15:59:54,social_media,click,0,
user_775,2025-01-12 18:45:34,social_media,click,0,
user_524,2025-01-22 10:39:28,direct,click,0,
user_722,2025-01-01 01:55:15,direct,click,0,
user_922,2025-01-15 22:19:13,organic_search,open,0,
user_382,2025-01-12 11:11:13,direct,click,0,
user_184,2025-01-19 20:36:26,display_ads,click,0,
user_20,2025-01-20 11:12:41,social_media,click,0,
user_557,2025-01-24 15:32:46,social_media,click,0,
user_886,2025-01-12 18:52:23,display_ads,open,0,
user_124,2025-01-24 22:27:34,organic_search,click,0,
user_72,2025-01-15 03:19:56,display_ads,open,0,
user_493,2025-01-05 01:06:22,direct,click,0,
user_560,2025-01-16 09:44:36,organic_search,click,0,
user_765,2025-01-10 22:14:22,social_media,conversion,1,5.0
user_170,2025-01-19 13:15:25,social_media,click,0,
user_259,2025-01-11 07:08:59,social_media,click,0,
user_930,2025-01-22 13:58:22,social_media,click,0,
user_70,2025-01-21 12:45:02,organic_search,click,0,
user_852,2025-01-15 15:33:41,direct,click,0,
user_371,2025-01-02 01:41:53,direct,open,0,
user_519,2025-01-25 03:00:08,direct,open,0,
user_321,2025-01-10 00:32:00,display_ads,conversion,1,
user_260,2025-01-13 01:34:12,email,open,0,
user_980,2025-01-06 11:47:33,email,open,0,
user_69,2025-01-04 00:53:31,email,open,0,
user_640,2025-01-04 08:52:53,social_media,open,0,
user_632,2025-01-22 20:46:52,organic_search,click,0,
user_42,2025-01-15 22:46:12,direct,open,0,
user_729,2025-01-12 17:35:29,display_ads,open,0,
user_346,2025-01-08 20:50:36,email,open,0,
user_773,2025-01-07 12:12:54,social_media,click,0,
user_921,2025-01-01 22:34:47,direct,conversion,1,
user_282,2025-01-07 05:22:40,email,open,0,
user_110,2025-01-07 17:06:47,display_ads,click,0,
user_796,2025-01-11 23:55:29,organic_search,click,0,
user_115,2025-01-01 20:58:21,organic_search,open,0,
user_131,2025-01-12 00:35:26,email,open,0,
user_950,2025-01-02 14:19:08,email,click,0,
user_927,2025-01-18 08:24:36,email,open,0,
user_668,2025-01-04 01:42:48,social_media,click,0,
user_700,2025-01-17 15:45:48,social_media,click,0,
user_362,2025-01-04 11:19:46,direct,click,0,
user_729,2025-01-11 00:36:59,direct,click,0,
user_112,2025-01-18 05:25:24,organic_search,open,0,
user_438,2025-01-14 11:56:36,email,open,0,
user_930,2025-01-10 12:03:05,social_media,open,0,
user_810,2025-01-13 16:46:41,direct,click,0,
user_265,2025-01-23 10:49:12,social_media,open,0,
user_741,2025-01-07 10:00:03,organic_search,click,0,
user_50,2025-01-05 23:56:34,email,click,0,
user_395,2025-01-07 00:18:37,organic_search,open,0,
user_907,2025-01-04 07:54:03,email,click,0,
user_423,2025-01-11 07:38:16,social_media,click,0,
user_994,2025-01-22 12:36:35,email,click,0,
user_878,2025-01-08 15:00:33,direct,open,0,
user_340,2025-01-12 08:08:05,email,open,0,
user_597,2025-01-14 08:15:24,direct,open,0,
user_263,2025-01-14 23:31:51,organic_search,open,0,
user_447,2025-01-10 03:36:11,organic_search,click,0,
user_98,2025-01-18 01:38:37,direct,click,0,
user_100,2025-01-11 21:31:18,email,click,0,
user_593,2025-01-19 12:53:02,direct,click,0,
user_61,2025-01-03 21:59:29,organic_search,click,0,
user_826,2025-01-02 13:43:03,direct,click,0,
user_9,2025-01-11 07:34:16,email,click,0,
user_800,2025-01-05 14:05:28,social_media,click,0,
user_923,2025-01-01 23:25:11,direct,click,0,
user_194,2025-01-13 02:30:41,social_media,open,0,
user_937,2025-01-07 02:58:13,email,click,0,
user_145,2025-01-11 06:02:46,organic_search,click,0,
user_816,2025-01-01 11:51:12,display_ads,click,0,
user_597,2025-01-01 12:24:44,organic_search,open,0,
user_657,2025-01-08 03:51:27,display_ads,conversion,1,3.0
user_358,2025-01-16 20:24:53,email,click,0,
user_384,2025-01-04 16:52:29,display_ads,open,0,
user_938,2025-01-02 12:41:13,display_ads,open,0,
user_501,2025-01-21 19:47:19,social_media,open,0,
user_393,2025-01-19 05:44:38,direct,click,0,
user_811,2025-01-03 05:32:04,organic_search,conversion,1,3.0
user_445,2025-01-20 03:48:33,organic_search,click,0,
user_273,2025-01-11 16:53:42,direct,conversion,1,1.0
user_995,2025-01-15 23:16:00,email,open,0,
user_21,2025-01-05 21:47:00,display_ads,conversion,1,5.0
user_823,2025-01-11 01:15:42,social_media,click,0,
user_989,2025-01-09 08:00:29,organic_search,open,0,
user_510,2025-01-23 17:00:21,email,click,0,
user_597,2025-01-05 06:26:45,direct,conversion,1,2.0
user_734,2025-01-16 13:46:13,display_ads,open,0,
user_598,2025-01-11 15:33:00,display_ads,click,0,
user_460,2025-01-05 06:52:28,organic_search,click,0,
user_9,2025-01-07 05:38:11,social_media,click,0,
user_276,2025-01-05 16:17:08,direct,click,0,
user_484,2025-01-11 20:52:15,organic_search,conversion,1,1.0
user_814,2025-01-10 04:11:39,organic_search,click,0,
user_299,2025-01-05 03:26:53,email,open,0,
user_933,2025-01-01 09:35:00,email,open,0,
user_756,2025-01-22 19:18:38,email,click,0,
user_985,2025-01-23 03:03:53,direct,conversion,1,
user_605,2025-01-19 21:12:00,display_ads,click,0,
user_776,2025-01-09 09:03:16,email,open,0,
user_13,2025-01-19 01:28:16,email,click,0,
user_340,2025-01-24 08:35:03,social_media,click,0,
user_240,2025-01-02 00:48:56,display_ads,open,0,
user_813,2025-01-14 00:31:10,organic_search,open,0,
user_787,2025-01-07 12:34:51,social_media,click,0,
user_636,2025-01-03 00:15:37,display_ads,open,0,
user_532,2025-01-10 02:29:11,email,open,0,
user_422,2025-01-09 01:24:40,organic_search,click,0,
user_595,2025-01-15 08:53:58,social_media,conversion,1,1.0
user_483,2025-01-15 09:31:04,email,open,0,
user_113,2025-01-24 22:46:46,social_media,open,0,
user_413,2025-01-12 17:24:45,social_media,open,0,
user_164,2025-01-19 20:23:48,social_media,click,0,
user_810,2025-01-17 05:19:44,organic_search,click,0,
user_213,2025-01-11 21:31:28,social_media,open,0,
user_639,2025-01-13 09:03:57,email,click,0,
user_827,2025-01-17 14:50:52,organic_search,open,0,
user_960,2025-01-16 11:17:38,display_ads,click,0,
user_692,2025-01-05 14:42:20,direct,open,0,
user_416,2025-01-18 22:52:01,social_media,click,0,
user_798,2025-01-24 13:29:39,email,conversion,1,
user_98,2025-01-08 12:25:20,direct,open,0,
user_414,2025-01-11 11:23:20,organic_search,conversion,1,3.0
user_758,2025-01-03 21:25:14,social_media,click,0,
user_277,2025-01-01 22:49:18,direct,open,0,
user_414,2025-01-04 00:42:41,display_ads,conversion,1,3.0
user_775,2025-01-05 05:26:45,social_media,open,0,
user_518,2025-01-15 17:14:50,display_ads,open,0,
user_516,2025-01-17 06:26:09,email,click,0,
user_42,2025-01-16 19:11:24,direct,open,0,
user_434,2025-01-18 01:14:18,display_ads,click,0,
user_897,2025-01-03 07:50:46,display_ads,open,0,
user_461,2025-01-06 08:00:38,email,click,0,
user_827,2025-01-05 03:35:03,social_media,open,0,
user_146,2025-01-01 15:34:24,organic_search,click,0,
user_681,2025-01-10 12:27:29,organic_search,click,0,
user_787,2025-01-03 14:05:33,direct,click,0,
user_481,2025-01-01 06:17:26,direct,open,0,
user_874,2025-01-01 20:39:02,direct,click,0,
user_71,2025-01-18 02:26:33,social_media,open,0,
user_937,2025-01-20 15:40:10,direct,open,0,
user_513,2025-01-25 13:40:21,email,open,0,
user_189,2025-01-22 02:08:41,display_ads,click,0,
user_635,2025-01-07 20:34:33,email,open,0,
user_340,2025-01-25 01:54:49,organic_search,click,0,
user_279,2025-01-25 04:42:08,organic_search,click,0,
user_11,2025-01-03 11:34:37,display_ads,open,0,
user_926,2025-01-07 20:28:35,organic_search,conversion,1,3.0
user_435,2025-01-08 03:21:10,direct,open,0,
user_874,2025-01-21 18:01:01,display_ads,conversion,1,1.0
user_827,2025-01-07 17:22:39,social_media,open,0,
user_929,2025-01-21 23:19:36,direct,open,0,
user_144,2025-01-23 09:13:09,email,click,0,
user_860,2025-01-11 00:10:30,social_media,open,0,
user_297,2025-01-09 23:35:57,direct,open,0,
user_890,2025-01-09 05:52:12,organic_search,open,0,
user_818,2025-01-12 17:40:19,email,click,0,
user_25,2025-01-15 07:24:58,display_ads,open,0,
user_443,2025-01-16 00:45:38,email,click,0,
user_315,2025-01-15 12:42:19,social_media,open,0,
user_709,2025-01-02 20:06:47,direct,open,0,
user_30,2025-01-17 07:14:41,social_media,click,0,
user_364,2025-01-24 11:03:28,social_media,open,0,
user_387,2025-01-03 15:30:22,organic_search,open,0,
user_874,2025-01-12 23:30:23,display_ads,click,0,
user_981,2025-01-21 01:36:25,organic_search,open,0,
user_757,2025-01-14 13:25:16,organic_search,conversion,1,3.0
user_194,2025-01-22 00:46:17,direct,open,0,
user_215,2025-01-24 04:28:41,social_media,click,0,
user_93,2025-01-02 02:45:19,social_media,open,0,
user_340,2025-01-04 13:56:53,display_ads,open,0,
user_758,2025-01-02 12:12:39,organic_search,click,0,
user_136,2025-01-09 14:10:51,social_media,open,0,
user_789,2025-01-08 17:42:56,social_media,click,0,
user_944,2025-01-22 08:20:20,display_ads,open,0,
user_821,2025-01-01 02:40:10,direct,click,0,
user_125,2025-01-24 22:04:54,display_ads,open,0,
user_836,2025-01-09 14:24:07,direct,open,0,
user_208,2025-01-03 06:51:26,organic_search,click,0,
user_302,2025-01-15 05:49:50,email,open,0,
user_581,2025-01-01 23:45:03,organic_search,click,0,
user_587,2025-01-14 13:45:32,organic_search,open,0,
user_505,2025-01-01 17:18:12,organic_search,open,0,
user_893,2025-01-01 20:48:57,display_ads,click,0,
user_192,2025-01-13 18:02:48,organic_search,click,0,
user_583,2025-01-24 22:46:14,direct,click,0,
user_356,2025-01-10 00:34:40,email,open,0,
user_20,2025-01-12 08:31:48,email,open,0,
user_382,2025-01-03 00:28:11,organic_search,click,0,
user_392,2025-01-16 21:31:57,direct,conversion,1,4.0
user_317,2025-01-22 04:10:12,organic_search,click,0,
user_705,2025-01-11 05:03:44,social_media,click,0,
user_680,2025-01-10 15:42:15,organic_search,open,0,
user_499,2025-01-08 18:47:14,organic_search,click,0,
user_240,2025-01-07 10:07:06,email,open,0,
user_141,2025-01-22 14:40:50,display_ads,open,0,
user_742,2025-01-16 07:30:55,direct,click,0,
user_86,2025-01-23 20:51:26,organic_search,click,0,
user_196,2025-01-13 12:48:19,organic_search,click,0,
user_133,2025-01-07 22:38:23,email,click,0,
user_666,2025-01-08 09:27:39,email,open,0,
user_857,2025-01-21 23:04:26,organic_search,click,0,
user_262,2025-01-21 21:57:46,display_ads,open,0,
user_205,2025-01-05 12:18:37,organic_search,click,0,
user_274,2025-01-17 20:34:02,social_media,click,0,
user_924,2025-01-01 21:38:02,organic_search,click,0,
user_740,2025-01-21 23:40:45,display_ads,click,0,
user_403,2025-01-20 03:23:16,organic_search,click,0,
user_598,2025-01-22 09:07:22,email,click,0,
user_109,2025-01-14 11:42:40,organic_search,conversion,1,1.0
user_270,2025-01-09 09:26:22,direct,click,0,
user_22,2025-01-19 00:03:51,direct,open,0,
user_980,2025-01-02 17:56:09,direct,click,0,
user_575,2025-01-16 02:15:33,direct,open,0,
user_197,2025-01-09 11:03:29,direct,conversion,1,1.0
user_450,2025-01-17 17:48:27,display_ads,open,0,
user_556,2025-01-23 11:26:59,direct,conversion,1,3.0
user_836,2025-01-23 09:54:32,email,open,0,
user_579,2025-01-01 02:46:04,organic_search,click,0,
user_268,2025-01-21 11:50:43,direct,click,0,
user_375,2025-01-12 05:24:33,organic_search,click,0,
user_883,2025-01-17 05:25:57,organic_search,click,0,
user_761,2025-01-11 17:15:06,social_media,open,0,
user_769,2025-01-22 15:41:18,display_ads,click,0,
user_312,2025-01-03 18:26:26,direct,open,0,
user_29,2025-01-16 13:45:25,display_ads,open,0,
user_592,2025-01-16 22:41:21,display_ads,click,0,
user_397,2025-01-20 07:48:23,social_media,click,0,
user_994,2025-01-08 13:55:57,display_ads,open,0,
user_790,2025-01-09 15:41:27,email,open,0,
user_435,2025-01-18 17:26:53,display_ads,conversion,1,3.0
user_559,2025-01-05 14:51:58,direct,click,0,
user_115,2025-01-23 13:15:22,email,open,0,
user_696,2025-01-05 11:08:40,direct,click,0,
user_508,2025-01-10 20:07:49,display_ads,click,0,
user_262,2025-01-07 13:45:43,organic_search,click,0,
user_282,2025-01-19 20:52:06,social_media,click,0,
user_198,2025-01-19 16:39:06,email,conversion,1,5.0
user_920,2025-01-25 04:57:12,organic_search,click,0,
user_510,2025-01-25 08:02:35,display_ads,click,0,
user_670,2025-01-07 06:38:48,display_ads,open,0,
user_470,2025-01-07 16:24:25,social_media,open,0,
user_400,2025-01-02 13:55:41,display_ads,click,0,
user_548,2025-01-09 03:24:33,email,click,0,
user_831,2025-01-03 13:25:46,display_ads,conversion,1,5.0
user_468,2025-01-25 03:04:57,organic_search,click,0,
user_50,2025-01-21 16:58:22,display_ads,open,0,
user_982,2025-01-13 20:55:49,social_media,click,0,
user_580,2025-01-03 08:32:36,display_ads,click,0,
user_909,2025-01-12 23:29:29,organic_search,open,0,
user_512,2025-01-23 11:06:42,display_ads,click,0,
user_28,2025-01-09 00:35:47,display_ads,open,0,
user_621,2025-01-19 18:36:24,direct,click,0,
user_460,2025-01-19 17:21:24,display_ads,conversion,1,2.0
user_97,2025-01-02 21:42:04,email,click,0,
user_802,2025-01-21 18:00:41,display_ads,conversion,1,
user_682,2025-01-25 05:40:42,direct,click,0,
user_843,2025-01-20 17:59:25,organic_search,open,0,
user_584,2025-01-08 01:05:25,social_media,open,0,
user_675,2025-01-24 18:55:14,organic_search,click,0,
user_143,2025-01-08 13:36:48,social_media,open,0,
user_890,2025-01-23 06:43:34,social_media,click,0,
user_884,2025-01-14 07:00:40,direct,click,0,
user_866,2025-01-06 20:52:10,direct,open,0,
user_444,2025-01-01 12:24:23,organic_search,click,0,
user_520,2025-01-24 04:48:24,display_ads,open,0,
user_43,2025-01-07 16:27:23,organic_search,open,0,
user_840,2025-01-08 01:47:43,display_ads,open,0,
user_841,2025-01-20 00:22:13,social_media,click,0,
user_243,2025-01-24 07:07:53,email,click,0,
user_603,2025-01-04 10:15:01,email,click,0,
user_5,2025-01-09 11:03:40,direct,open,0,
user_445,2025-01-04 20:56:58,social_media,open,0,
user_695,2025-01-14 11:39:36,direct,open,0,
user_848,2025-01-13 04:34:58,direct,click,0,
user_100,2025-01-04 03:13:08,display_ads,open,0,
user_30,2025-01-24 02:19:42,email,click,0,
user_480,2025-01-02 07:55:36,display_ads,open,0,
user_859,2025-01-12 20:41:10,social_media,click,0,
user_413,2025-01-09 00:27:58,display_ads,click,0,
user_668,2025-01-18 11:14:15,social_media,conversion,1,3.0
user_304,2025-01-06 20:50:44,organic_search,open,0,
user_315,2025-01-01 01:05:23,email,open,0,
user_647,2025-01-10 18:26:02,email,click,0,
user_812,2025-01-05 21:52:30,display_ads,click,0,
user_804,2025-01-21 00:20:55,display_ads,click,0,
user_99,2025-01-16 06:01:21,display_ads,click,0,
user_419,2025-01-15 08:38:31,display_ads,click,0,
user_796,2025-01-22 14:09:00,display_ads,conversion,1,
user_122,2025-01-15 11:01:32,email,click,0,
user_513,2025-01-20 20:07:58,direct,click,0,
user_744,2025-01-19 10:20:56,email,click,0,
user_140,2025-01-20 16:17:39,direct,click,0,
user_255,2025-01-15 02:15:54,email,click,0,
user_132,2025-01-05 13:44:53,email,click,0,
user_130,2025-01-14 05:39:18,email,click,0,
user_509,2025-01-04 01:51:07,organic_search,click,0,
user_17,2025-01-23 13:08:42,display_ads,click,0,
user_618,2025-01-08 20:20:10,direct,click,0,
user_12,2025-01-01 22:36:49,display_ads,open,0,
user_890,2025-01-01 14:55:42,organic_search,click,0,
user_848,2025-01-11 09:33:52,social_media,open,0,
user_518,2025-01-24 09:36:29,direct,click,0,
user_106,2025-01-14 04:18:02,social_media,click,0,
user_100,2025-01-01 01:03:01,direct,open,0,
user_956,2025-01-20 01:48:02,organic_search,click,0,
user_854,2025-01-08 21:56:19,organic_search,click,0,
user_808,2025-01-12 11:32:21,display_ads,click,0,
user_559,2025-01-25 03:36:00,display_ads,click,0,
user_92,2025-01-02 00:00:16,direct,open,0,
user_53,2025-01-12 05:26:53,direct,click,0,
user_385,2025-01-04 19:35:26,organic_search,click,0,
user_803,2025-01-06 14:00:28,direct,click,0,
user_838,2025-01-25 17:21:21,organic_search,open,0,
user_668,2025-01-09 03:07:20,direct,conversion,1,4.0
user_814,2025-01-16 07:38:51,organic_search,click,0,
user_105,2025-01-03 17:47:16,email,open,0,
user_99,2025-01-02 06:37:11,organic_search,conversion,1,5.0
user_846,2025-01-21 02:33:28,social_media,click,0,
user_195,2025-01-11 18:19:32,direct,click,0,
user_895,2025-01-05 23:26:13,email,open,0,
user_253,2025-01-10 17:17:38,email,open,0,
user_357,2025-01-12 19:52:04,email,conversion,1,2.0
user_305,2025-01-04 02:01:55,display_ads,conversion,1,1.0
user_50,2025-01-06 04:09:33,direct,click,0,
user_259,2025-01-23 16:37:39,direct,conversion,1,5.0
user_591,2025-01-03 07:36:08,display_ads,open,0,
user_411,2025-01-11 11:46:53,direct,conversion,1,5.0
user_512,2025-01-13 11:28:19,social_media,open,0,
user_380,2025-01-05 06:23:30,direct,open,0,
user_581,2025-01-13 11:37:35,email,open,0,
user_797,2025-01-21 21:28:02,social_media,click,0,
user_371,2025-01-25 10:24:08,organic_search,open,0,
user_10,2025-01-06 04:38:51,social_media,click,0,
user_294,2025-01-25 14:13:31,organic_search,open,0,
user_745,2025-01-12 02:19:11,display_ads,open,0,
user_307,2025-01-12 05:02:46,organic_search,click,0,
user_752,2025-01-10 17:05:20,direct,click,0,
user_716,2025-01-21 21:22:10,direct,click,0,
user_260,2025-01-12 21:27:20,direct,click,0,
user_379,2025-01-11 09:50:11,organic_search,open,0,
user_238,2025-01-17 07:31:05,organic_search,open,0,
user_566,2025-01-16 11:46:49,organic_search,click,0,
user_957,2025-01-16 18:45:22,email,click,0,
user_879,2025-01-12 02:19:44,direct,open,0,
user_687,2025-01-01 16:29:07,email,click,0,
user_682,2025-01-18 20:34:37,social_media,click,0,
user_289,2025-01-21 12:52:04,organic_search,open,0,
user_660,2025-01-11 08:25:35,organic_search,open,0,
user_952,2025-01-04 16:02:36,display_ads,click,0,
user_915,2025-01-10 16:28:49,display_ads,click,0,
user_853,2025-01-23 11:50:30,email,conversion,1,2.0
user_688,2025-01-19 01:55:27,organic_search,click,0,
user_818,2025-01-25 19:28:38,email,open,0,
user_917,2025-01-22 16:38:27,social_media,click,0,
user_321,2025-01-12 01:31:22,email,open,0,
user_971,2025-01-19 13:11:39,direct,conversion,1,2.0
user_499,2025-01-18 00:43:04,social_media,click,0,
user_477,2025-01-11 19:28:46,display_ads,open,0,
user_352,2025-01-13 03:34:57,direct,click,0,
user_599,2025-01-02 05:49:45,email,open,0,
user_494,2025-01-05 07:29:38,organic_search,open,0,
user_134,2025-01-13 04:57:51,organic_search,open,0,
user_27,2025-01-19 03:14:34,organic_search,open,0,
user_544,2025-01-08 11:43:44,display_ads,conversion,1,5.0
user_869,2025-01-12 02:39:51,email,conversion,1,1.0
user_564,2025-01-21 16:24:29,organic_search,click,0,
user_777,2025-01-23 17:28:36,display_ads,conversion,1,
user_9,2025-01-04 16:56:01,direct,click,0,
user_114,2025-01-21 14:38:54,direct,click,0,
user_529,2025-01-14 01:57:08,email,open,0,
user_179,2025-01-02 17:22:55,social_media,click,0,
user_672,2025-01-21 01:20:02,email,open,0,
user_945,2025-01-14 18:49:57,organic_search,click,0,
user_291,2025-01-01 06:46:51,direct,open,0,
user_284,2025-01-20 12:55:08,email,click,0,
user_282,2025-01-16 16:48:14,direct,click,0,
user_831,2025-01-23 22:24:05,social_media,conversion,1,5.0
user_131,2025-01-19 05:15:06,social_media,click,0,
user_715,2025-01-09 03:46:51,email,open,0,
user_303,2025-01-23 05:00:10,social_media,open,0,
user_475,2025-01-04 09:53:58,email,open,0,
user_24,2025-01-22 18:15:45,direct,click,0,
user_476,2025-01-20 12:38:16,organic_search,click,0,
user_866,2025-01-08 21:58:55,social_media,click,0,
user_668,2025-01-08 04:19:11,email,click,0,
user_612,2025-01-03 03:01:10,email,open,0,
user_359,2025-01-19 04:01:04,direct,open,0,
user_712,2025-01-19 00:02:19,social_media,click,0,
user_14,2025-01-24 08:49:31,direct,open,0,
user_98,2025-01-08 03:18:30,social_media,open,0,
user_586,2025-01-20 14:53:32,display_ads,click,0,
user_952,2025-01-12 03:58:24,display_ads,click,0,
user_813,2025-01-04 17:33:16,email,click,0,
user_171,2025-01-08 22:16:39,organic_search,click,0,
user_967,2025-01-11 16:16:08,email,conversion,1,3.0
user_639,2025-01-25 16:55:12,display_ads,conversion,1,
user_188,2025-01-07 23:01:05,display_ads,open,0,
user_1,2025-01-20 08:17:08,email,click,0,
user_731,2025-01-14 11:45:03,social_media,open,0,
user_834,2025-01-23 05:20:48,organic_search,open,0,
user_805,2025-01-18 04:50:33,display_ads,open,0,
user_504,2025-01-25 21:32:35,email,conversion,1,2.0
user_491,2025-01-19 06:19:11,email,conversion,1,1.0
user_477,2025-01-14 03:18:50,email,conversion,1,5.0
user_703,2025-01-12 04:13:10,organic_search,click,0,
user_119,2025-01-05 01:52:09,direct,open,0,
user_875,2025-01-08 07:02:32,email,click,0,
user_802,2025-01-09 06:30:09,organic_search,open,0,
user_374,2025-01-02 11:33:15,direct,click,0,
user_568,2025-01-06 06:41:22,social_media,click,0,
user_740,2025-01-08 18:39:50,display_ads,open,0,
user_745,2025-01-20 10:15:42,email,click,0,
user_675,2025-01-13 11:39:06,social_media,open,0,
user_540,2025-01-13 14:52:57,organic_search,click,0,
user_708,2025-01-07 19:59:21,social_media,click,0,
user_390,2025-01-21 14:21:47,direct,click,0,
user_69,2025-01-17 15:54:11,display_ads,open,0,
user_703,2025-01-02 20:41:16,direct,open,0,
user_918,2025-01-23 19:36:42,social_media,click,0,
user_920,2025-01-17 22:25:10,email,open,0,
user_125,2025-01-10 15:22:28,email,open,0,
user_669,2025-01-13 04:50:02,organic_search,click,0,
user_456,2025-01-13 15:58:02,display_ads,conversion,1,2.0
user_723,2025-01-23 08:49:30,email,open,0,
user_579,2025-01-04 20:51:30,email,click,0,
user_707,2025-01-14 00:44:42,email,click,0,
user_452,2025-01-07 22:14:13,organic_search,open,0,
user_820,2025-01-20 01:22:31,organic_search,click,0,
user_843,2025-01-17 17:24:33,social_media,click,0,
user_289,2025-01-03 13:11:44,organic_search,conversion,1,4.0
user_255,2025-01-16 05:00:26,social_media,conversion,1,3.0
user_223,2025-01-24 16:32:32,organic_search,open,0,
user_861,2025-01-05 09:54:02,email,click,0,
user_660,2025-01-23 00:35:09,direct,open,0,
user_756,2025-01-19 20:30:19,social_media,conversion,1,2.0
user_25,2025-01-06 20:42:39,display_ads,open,0,
user_641,2025-01-14 03:40:21,direct,open,0,
user_151,2025-01-20 13:57:40,email,click,0,
user_943,2025-01-01 12:12:20,social_media,conversion,1,3.0
user_769,2025-01-02 16:08:56,email,click,0,
user_222,2025-01-06 04:19:12,direct,open,0,
user_111,2025-01-24 10:56:55,email,click,0,
user_289,2025-01-06 04:17:39,email,open,0,
user_911,2025-01-25 14:17:35,email,open,0,
user_334,2025-01-22 04:29:16,direct,click,0,
user_952,2025-01-16 15:43:19,email,open,0,
user_820,2025-01-08 01:40:42,direct,open,0,
user_504,2025-01-03 09:26:17,display_ads,click,0,
user_219,2025-01-14 10:15:02,email,open,0,
user_627,2025-01-08 15:26:49,social_media,click,0,
user_481,2025-01-13 17:40:40,social_media,open,0,
user_34,2025-01-12 06:48:22,email,click,0,
user_119,2025-01-20 04:39:19,email,open,0,
user_255,2025-01-19 00:59:34,direct,open,0,
user_869,2025-01-01 02:27:55,organic_search,open,0,
user_268,2025-01-16 20:03:00,email,conversion,1,
user_651,2025-01-01 04:33:09,organic_search,click,0,
user_43,2025-01-14 16:17:05,direct,click,0,
user_511,2025-01-09 20:01:43,email,conversion,1,
user_615,2025-01-22 03:53:55,direct,conversion,1,4.0
user_656,2025-01-20 11:07:25,social_media,conversion,1,3.0
user_226,2025-01-10 00:41:36,email,open,0,
user_955,2025-01-22 06:25:18,display_ads,open,0,
user_809,2025-01-18 02:42:06,organic_search,open,0,
user_976,2025-01-19 02:46:02,social_media,click,0,
user_309,2025-01-24 10:17:35,direct,open,0,
user_681,2025-01-14 03:54:05,display_ads,open,0,
user_887,2025-01-08 02:18:49,organic_search,click,0,
user_455,2025-01-01 09:46:05,organic_search,click,0,
user_994,2025-01-25 15:39:04,email,open,0,
user_839,2025-01-14 05:15:35,organic_search,open,0,
user_511,2025-01-09 22:45:58,direct,open,0,
user_553,2025-01-03 21:10:39,social_media,open,0,
user_556,2025-01-02 18:14:58,email,open,0,
user_393,2025-01-11 23:15:32,email,open,0,
user_351,2025-01-14 22:03:29,direct,open,0,
user_484,2025-01-25 09:27:36,social_media,click,0,
user_467,2025-01-22 19:15:18,organic_search,open,0,
user_849,2025-01-25 19:28:35,display_ads,click,0,
user_623,2025-01-09 06:01:18,direct,click,0,
user_493,2025-01-07 12:39:33,organic_search,open,0,
user_189,2025-01-19 00:28:04,display_ads,click,0,
user_569,2025-01-12 01:38:00,email,click,0,
user_940,2025-01-15 14:44:03,email,click,0,
user_618,2025-01-05 00:43:52,display_ads,conversion,1,2.0
user_669,2025-01-12 05:32:59,social_media,open,0,
user_17,2025-01-08 17:40:00,direct,click,0,
user_127,2025-01-19 09:03:12,organic_search,click,0,
user_148,2025-01-08 22:38:35,email,open,0,
user_417,2025-01-12 21:50:35,email,conversion,1,1.0
user_6,2025-01-04 10:57:05,direct,open,0,
user_2,2025-01-10 17:24:31,display_ads,click,0,
user_495,2025-01-10 13:44:16,organic_search,open,0,
user_754,2025-01-11 06:21:20,display_ads,open,0,
user_342,2025-01-02 10:20:36,email,click,0,
user_334,2025-01-21 15:11:28,organic_search,open,0,
user_137,2025-01-23 20:16:45,email,click,0,
user_324,2025-01-22 15:19:55,direct,click,0,
user_861,2025-01-09 04:00:36,email,click,0,
user_683,2025-01-16 12:30:59,organic_search,open,0,
user_291,2025-01-08 00:20:07,organic_search,click,0,
user_465,2025-01-17 18:03:34,display_ads,open,0,
user_411,2025-01-07 00:58:25,organic_search,conversion,1,4.0
user_401,2025-01-03 13:46:31,direct,click,0,
user_156,2025-01-15 07:30:52,organic_search,click,0,
user_145,2025-01-14 18:09:02,display_ads,conversion,1,4.0
user_747,2025-01-12 14:49:50,email,click,0,
user_995,2025-01-12 00:43:35,direct,open,0,
user_821,2025-01-24 14:47:38,direct,conversion,1,4.0
user_294,2025-01-15 04:54:18,email,conversion,1,
user_231,2025-01-14 20:16:47,direct,open,0,
user_456,2025-01-02 20:59:05,organic_search,click,0,
user_645,2025-01-25 06:44:52,display_ads,click,0,
user_467,2025-01-18 20:29:22,direct,click,0,
user_901,2025-01-15 02:56:05,display_ads,click,0,
user_678,2025-01-23 09:41:32,direct,open,0,
user_1,2025-01-18 18:22:37,social_media,conversion,1,5.0
user_611,2025-01-14 21:13:43,email,click,0,
user_230,2025-01-17 10:59:40,social_media,open,0,
user_224,2025-01-22 08:17:13,direct,conversion,1,2.0
user_675,2025-01-09 21:32:26,display_ads,open,0,
user_302,2025-01-25 15:07:38,email,open,0,
user_954,2025-01-01 05:33:27,display_ads,click,0,
user_232,2025-01-25 08:25:51,direct,open,0,
user_505,2025-01-22 06:33:59,organic_search,open,0,
user_65,2025-01-21 00:10:41,organic_search,click,0,
user_386,2025-01-01 22:57:36,display_ads,click,0,
user_619,2025-01-07 20:31:45,organic_search,conversion,1,5.0
user_637,2025-01-24 23:01:03,email,click,0,
user_407,2025-01-11 07:47:37,email,open,0,
user_434,2025-01-04 22:59:48,display_ads,open,0,
user_682,2025-01-01 18:33:28,email,conversion,1,1.0
user_95,2025-01-13 01:23:40,social_media,click,0,
user_597,2025-01-22 09:33:49,email,click,0,
user_120,2025-01-15 14:11:10,social_media,conversion,1,3.0
user_487,2025-01-14 06:05:04,display_ads,open,0,
user_326,2025-01-16 19:34:04,display_ads,conversion,1,1.0
user_935,2025-01-19 16:46:20,direct,open,0,
user_110,2025-01-22 20:34:40,organic_search,click,0,
user_661,2025-01-06 02:06:00,direct,click,0,
user_242,2025-01-05 13:36:42,social_media,click,0,
user_257,2025-01-22 21:11:03,direct,click,0,
user_688,2025-01-23 02:57:57,social_media,click,0,
user_55,2025-01-17 16:56:44,direct,conversion,1,4.0
user_614,2025-01-05 00:07:16,organic_search,click,0,
user_408,2025-01-19 06:23:47,social_media,open,0,
user_534,2025-01-22 02:41:34,email,open,0,
user_353,2025-01-20 18:01:35,direct,open,0,
user_171,2025-01-08 14:49:52,display_ads,click,0,
user_172,2025-01-11 04:56:04,social_media,click,0,
user_14,2025-01-21 03:00:45,direct,click,0,
user_813,2025-01-18 17:50:58,display_ads,open,0,
user_730,2025-01-24 20:23:24,social_media,click,0,
user_613,2025-01-01 09:59:50,display_ads,click,0,
user_397,2025-01-16 11:13:58,organic_search,click,0,
user_821,2025-01-10 00:31:07,social_media,click,0,
user_332,2025-01-13 16:41:50,direct,open,0,
user_220,2025-01-08 23:29:14,social_media,click,0,
user_105,2025-01-14 13:31:37,display_ads,click,0,
user_479,2025-01-13 21:54:55,social_media,click,0,
user_246,2025-01-17 20:56:02,display_ads,click,0,
user_359,2025-01-01 07:00:03,organic_search,conversion,1,5.0
user_926,2025-01-03 14:49:47,social_media,click,0,
user_256,2025-01-23 09:42:47,direct,open,0,
user_60,2025-01-17 14:18:16,email,open,0,
user_611,2025-01-10 22:30:53,direct,open,0,
user_177,2025-01-03 06:53:22,organic_search,click,0,
user_887,2025-01-14 05:42:59,organic_search,click,0,
user_367,2025-01-05 03:44:50,display_ads,click,0,
user_933,2025-01-03 13:17:00,organic_search,click,0,
user_103,2025-01-11 20:59:42,organic_search,conversion,1,4.0
user_142,2025-01-02 04:33:14,display_ads,click,0,
user_230,2025-01-15 05:49:13,display_ads,click,0,
user_957,2025-01-01 09:36:25,organic_search,click,0,
user_795,2025-01-16 09:10:29,organic_search,conversion,1,5.0
user_230,2025-01-14 04:27:36,direct,conversion,1,1.0
user_249,2025-01-01 07:41:48,direct,open,0,
user_629,2025-01-11 05:48:46,display_ads,open,0,
user_186,2025-01-12 10:15:51,social_media,conversion,1,1.0
user_347,2025-01-03 04:38:03,email,conversion,1,3.0
user_746,2025-01-13 02:35:49,display_ads,click,0,
user_324,2025-01-20 07:02:48,display_ads,open,0,
user_358,2025-01-12 04:06:19,organic_search,click,0,
user_268,2025-01-12 02:32:01,social_media,click,0,
user_429,2025-01-07 03:02:11,social_media,open,0,
user_682,2025-01-15 10:31:25,social_media,open,0,
user_877,2025-01-06 22:25:44,email,click,0,
user_740,2025-01-19 17:18:49,display_ads,click,0,
user_738,2025-01-08 18:08:36,display_ads,open,0,
user_635,2025-01-21 02:12:07,social_media,click,0,
user_412,2025-01-07 19:02:42,display_ads,open,0,
user_225,2025-01-25 11:44:41,display_ads,open,0,
user_265,2025-01-19 02:05:17,organic_search,open,0,
user_175,2025-01-11 09:56:18,social_media,open,0,
user_188,2025-01-10 23:52:54,direct,open,0,
user_939,2025-01-15 11:22:32,organic_search,click,0,
user_829,2025-01-11 04:08:39,organic_search,click,0,
user_28,2025-01-08 00:26:50,organic_search,open,0,
user_40,2025-01-07 22:11:05,social_media,conversion,1,
user_978,2025-01-07 05:38:30,organic_search,click,0,
user_557,2025-01-16 08:58:24,email,open,0,
user_347,2025-01-11 01:28:20,organic_search,click,0,
user_269,2025-01-15 00:11:10,organic_search,open,0,
user_65,2025-01-07 16:51:03,organic_search,open,0,
user_178,2025-01-09 16:47:01,social_media,open,0,
user_9,2025-01-21 06:49:13,direct,conversion,1,4.0
user_893,2025-01-07 08:01:58,organic_search,open,0,
user_675,2025-01-09 20:16:13,email,conversion,1,
user_375,2025-01-08 21:27:13,email,click,0,
user_359,2025-01-19 12:13:22,email,click,0,
user_261,2025-01-02 08:02:35,email,open,0,
user_270,2025-01-11 03:08:07,email,click,0,
user_312,2025-01-02 07:49:21,direct,click,0,
user_329,2025-01-21 04:28:13,organic_search,open,0,
user_178,2025-01-05 11:10:31,email,click,0,
user_543,2025-01-24 17:53:40,social_media,click,0,
user_651,2025-01-24 00:39:05,direct,click,0,
user_283,2025-01-06 10:50:53,direct,click,0,
user_967,2025-01-03 00:40:17,social_media,open,0,
user_189,2025-01-07 22:38:17,social_media,open,0,
user_381,2025-01-13 03:35:47,social_media,click,0,
user_168,2025-01-24 13:21:43,display_ads,click,0,
user_185,2025-01-01 19:38:35,display_ads,click,0,
user_979,2025-01-14 01:27:12,social_media,click,0,
user_521,2025-01-25 01:23:39,email,conversion,1,2.0
user_439,2025-01-23 22:10:21,display_ads,open,0,
user_662,2025-01-12 10:40:13,direct,open,0,
user_534,2025-01-13 18:29:54,email,open,0,
user_828,2025-01-24 12:15:02,email,click,0,
user_339,2025-01-03 12:27:23,social_media,click,0,
user_999,2025-01-20 01:15:22,direct,click,0,
user_122,2025-01-12 08:45:26,organic_search,click,0,
user_691,2025-01-05 20:19:51,organic_search,click,0,
user_760,2025-01-21 07:49:33,email,click,0,
user_872,2025-01-23 15:57:24,display_ads,click,0,
user_679,2025-01-04 22:04:08,organic_search,open,0,
user_445,2025-01-12 05:38:00,direct,open,0,
user_446,2025-01-16 22:41:46,email,click,0,
user_919,2025-01-20 00:23:06,display_ads,open,0,
user_952,2025-01-03 02:28:14,social_media,conversion,1,4.0
user_915,2025-01-21 19:34:56,email,click,0,
user_393,2025-01-11 07:04:49,display_ads,click,0,
user_495,2025-01-04 10:22:38,display_ads,open,0,
user_102,2025-01-24 00:47:45,direct,open,0,
user_204,2025-01-25 13:23:39,direct,click,0,
user_38,2025-01-23 10:07:17,social_media,open,0,
user_860,2025-01-13 12:52:37,display_ads,click,0,
user_248,2025-01-05 18:20:11,social_media,click,0,
user_849,2025-01-06 21:57:48,email,click,0,
user_412,2025-01-14 19:51:24,direct,click,0,
user_4,2025-01-02 10:33:46,organic_search,click,0,
user_816,2025-01-02 14:48:25,organic_search,conversion,1,3.0
user_590,2025-01-08 00:53:03,display_ads,click,0,
user_226,2025-01-21 04:04:26,social_media,open,0,
user_752,2025-01-19 02:58:18,social_media,click,0,
user_844,2025-01-25 02:39:35,direct,click,0,
user_705,2025-01-03 05:39:23,social_media,click,0,
user_691,2025-01-06 03:29:42,organic_search,click,0,
user_210,2025-01-22 02:18:19,direct,open,0,
user_754,2025-01-04 17:50:45,email,click,0,
user_547,2025-01-23 03:16:27,display_ads,open,0,
user_117,2025-01-03 08:06:19,direct,open,0,
user_860,2025-01-20 14:03:51,direct,open,0,
user_578,2025-01-10 09:38:42,social_media,open,0,
user_687,2025-01-13 05:02:29,email,click,0,
user_156,2025-01-13 20:05:00,email,open,0,
user_87,2025-01-19 18:25:51,email,click,0,
user_140,2025-01-06 08:29:37,organic_search,conversion,1,4.0
user_278,2025-01-04 00:50:00,email,click,0,
user_678,2025-01-09 00:52:14,direct,open,0,
user_220,2025-01-05 21:23:56,email,conversion,1,2.0
user_554,2025-01-12 15:58:07,email,click,0,
user_22,2025-01-22 13:52:31,email,open,0,
user_490,2025-01-01 09:01:14,direct,click,0,
user_737,2025-01-17 06:51:29,display_ads,click,0,
user_642,2025-01-19 19:04:35,direct,open,0,
user_844,2025-01-19 12:46:35,direct,open,0,
user_755,2025-01-17 21:22:09,social_media,open,0,
user_271,2025-01-15 07:57:44,social_media,open,0,
user_416,2025-01-19 14:44:25,organic_search,open,0,
user_75,2025-01-25 21:45:47,display_ads,click,0,
user_324,2025-01-22 12:01:59,social_media,open,0,
user_397,2025-01-06 16:39:36,display_ads,open,0,
user_54,2025-01-18 14:14:20,social_media,open,0,
user_676,2025-01-01 22:03:46,email,open,0,
user_471,2025-01-19 09:40:29,organic_search,click,0,
user_343,2025-01-11 10:28:16,direct,click,0,
user_960,2025-01-04 20:56:41,direct,open,0,
user_577,2025-01-15 13:20:46,email,conversion,1,2.0
user_736,2025-01-19 03:42:37,email,open,0,
user_231,2025-01-06 22:40:00,email,click,0,
user_779,2025-01-09 19:55:12,social_media,open,0,
user_94,2025-01-13 04:13:59,display_ads,click,0,
user_831,2025-01-12 04:00:00,organic_search,click,0,
user_217,2025-01-19 05:40:35,social_media,conversion,1,1.0
user_984,2025-01-22 03:56:56,social_media,open,0,
user_453,2025-01-23 13:41:43,organic_search,click,0,
user_350,2025-01-12 20:42:43,direct,click,0,
user_22,2025-01-16 17:22:32,direct,click,0,
user_292,2025-01-17 22:13:14,display_ads,click,0,
user_857,2025-01-05 12:28:55,organic_search,conversion,1,3.0
user_754,2025-01-20 21:22:18,email,open,0,
user_355,2025-01-19 10:03:50,organic_search,conversion,1,3.0
user_827,2025-01-22 18:54:43,social_media,open,0,
user_783,2025-01-08 19:51:35,display_ads,conversion,1,3.0
user_128,2025-01-16 08:38:55,organic_search,open,0,
user_219,2025-01-25 18:30:57,social_media,open,0,
user_780,2025-01-11 09:42:56,display_ads,click,0,
user_212,2025-01-18 14:40:19,display_ads,click,0,
user_25,2025-01-24 02:20:50,organic_search,open,0,
user_750,2025-01-21 09:49:04,organic_search,click,0,
user_476,2025-01-15 15:26:02,organic_search,click,0,
user_928,2025-01-18 21:15:46,display_ads,open,0,
user_806,2025-01-05 12:24:30,email,click,0,
user_875,2025-01-05 19:30:11,display_ads,open,0,
user_652,2025-01-24 22:23:09,display_ads,conversion,1,1.0
user_657,2025-01-16 14:07:07,display_ads,open,0,
user_91,2025-01-23 22:53:56,direct,open,0,
user_429,2025-01-04 19:35:19,display_ads,click,0,
user_692,2025-01-03 22:12:04,organic_search,click,0,
user_513,2025-01-13 13:45:44,display_ads,click,0,
user_789,2025-01-24 02:18:04,social_media,click,0,
user_280,2025-01-19 17:01:47,social_media,open,0,
user_774,2025-01-18 22:10:06,organic_search,click,0,
user_13,2025-01-10 13:40:03,organic_search,open,0,
user_983,2025-01-11 12:44:15,organic_search,click,0,
user_835,2025-01-01 02:49:54,social_media,click,0,
user_773,2025-01-16 08:26:01,direct,click,0,
user_344,2025-01-13 12:38:21,social_media,click,0,
user_314,2025-01-10 12:02:46,organic_search,click,0,
user_859,2025-01-22 21:32:44,social_media,click,0,
user_596,2025-01-19 10:02:13,organic_search,click,0,
user_739,2025-01-15 08:55:06,email,click,0,
user_799,2025-01-22 17:43:46,email,open,0,
user_359,2025-01-10 10:42:28,social_media,click,0,
user_959,2025-01-24 13:58:03,display_ads,click,0,
user_701,2025-01-01 01:42:30,email,open,0,
user_690,2025-01-24 13:52:36,email,open,0,
user_153,2025-01-04 18:09:30,email,open,0,
user_583,2025-01-21 19:15:59,social_media,open,0,
user_217,2025-01-18 04:31:31,display_ads,open,0,
user_846,2025-01-03 16:19:45,organic_search,click,0,
user_892,2025-01-20 04:56:26,social_media,open,0,
user_66,2025-01-05 23:33:16,email,open,0,
user_963,2025-01-12 02:49:54,email,click,0,
user_599,2025-01-06 12:25:04,display_ads,click,0,
user_827,2025-01-04 02:14:09,display_ads,click,0,
user_217,2025-01-02 09:40:24,organic_search,click,0,
user_955,2025-01-15 23:58:38,display_ads,conversion,1,5.0
user_964,2025-01-01 03:54:18,organic_search,click,0,
user_466,2025-01-14 21:47:17,direct,open,0,
user_910,2025-01-17 12:21:48,organic_search,open,0,
user_450,2025-01-23 08:08:28,email,conversion,1,3.0
user_168,2025-01-07 10:42:40,display_ads,open,0,
user_74,2025-01-21 04:00:44,email,open,0,
user_155,2025-01-19 11:14:03,email,open,0,
user_239,2025-01-19 14:26:46,display_ads,open,0,
user_926,2025-01-09 06:26:26,email,click,0,
user_717,2025-01-17 14:06:33,social_media,click,0,
user_137,2025-01-13 07:48:44,direct,click,0,
user_803,2025-01-18 05:22:23,organic_search,click,0,
user_497,2025-01-16 00:55:36,display_ads,open,0,
user_792,2025-01-12 04:57:21,display_ads,open,0,
user_588,2025-01-11 21:01:30,display_ads,open,0,
user_854,2025-01-25 21:45:21,email,open,0,
user_667,2025-01-10 22:41:28,organic_search,open,0,
user_934,2025-01-04 16:24:16,email,click,0,
user_421,2025-01-01 10:37:56,direct,click,0,
user_642,2025-01-03 20:20:07,social_media,open,0,
user_392,2025-01-06 04:05:19,social_media,open,0,
user_740,2025-01-12 22:10:29,email,click,0,
user_605,2025-01-05 11:57:56,email,open,0,
user_39,2025-01-23 15:07:20,display_ads,open,0,
user_605,2025-01-23 14:53:57,social_media,conversion,1,4.0
user_469,2025-01-10 02:11:33,organic_search,click,0,
user_19,2025-01-15 01:55:54,organic_search,click,0,
user_184,2025-01-14 04:34:17,display_ads,click,0,
user_431,2025-01-18 07:17:49,social_media,open,0,
user_949,2025-01-13 21:25:08,email,click,0,
user_160,2025-01-17 15:06:09,email,click,0,
user_849,2025-01-12 17:40:54,social_media,open,0,
user_837,2025-01-01 10:15:08,direct,click,0,
user_732,2025-01-11 12:02:11,organic_search,open,0,
user_427,2025-01-17 11:42:40,display_ads,click,0,
user_448,2025-01-24 20:40:55,social_media,open,0,
user_262,2025-01-14 00:57:21,direct,click,0,
user_597,2025-01-15 17:43:57,email,click,0,
user_841,2025-01-16 07:46:57,direct,conversion,1,5.0
user_559,2025-01-15 06:00:27,email,click,0,
user_889,2025-01-22 21:42:00,email,click,0,
user_536,2025-01-04 20:48:50,email,click,0,
user_111,2025-01-16 06:45:10,display_ads,open,0,
user_345,2025-01-21 16:19:16,organic_search,open,0,
user_815,2025-01-19 15:04:35,organic_search,click,0,
user_839,2025-01-24 15:29:09,email,open,0,
user_172,2025-01-16 15:04:40,display_ads,click,0,
user_376,2025-01-10 03:20:56,email,click,0,
user_418,2025-01-08 00:08:02,email,click,0,
user_975,2025-01-16 01:10:43,display_ads,click,0,
user_616,2025-01-14 19:51:32,social_media,click,0,
user_634,2025-01-01 13:32:50,direct,click,0,
user_707,2025-01-25 00:53:02,organic_search,open,0,
user_655,2025-01-24 02:11:09,organic_search,conversion,1,
user_519,2025-01-15 08:18:24,social_media,click,0,
user_193,2025-01-05 23:13:17,direct,open,0,
user_198,2025-01-18 14:07:17,social_media,open,0,
user_56,2025-01-24 01:27:11,display_ads,open,0,
user_56,2025-01-13 05:54:20,direct,open,0,
user_293,2025-01-09 02:00:42,organic_search,click,0,
user_527,2025-01-01 02:58:51,direct,click,0,
user_241,2025-01-24 20:04:36,organic_search,click,0,
user_54,2025-01-12 00:42:53,display_ads,open,0,
user_536,2025-01-05 23:55:26,social_media,open,0,
user_874,2025-01-01 05:32:06,social_media,open,0,
user_102,2025-01-05 22:19:04,social_media,open,0,
user_996,2025-01-23 10:21:52,email,open,0,
user_988,2025-01-24 18:10:21,organic_search,click,0,
user_311,2025-01-09 21:39:30,social_media,click,0,
user_615,2025-01-02 08:42:20,display_ads,click,0,
user_164,2025-01-19 16:14:32,direct,click,0,
user_926,2025-01-04 04:25:54,display_ads,click,0,
user_717,2025-01-14 03:41:58,email,conversion,1,3.0
user_624,2025-01-23 13:51:47,display_ads,open,0,
user_653,2025-01-02 03:37:00,direct,click,0,
user_324,2025-01-05 22:51:17,organic_search,open,0,
user_649,2025-01-03 00:29:56,social_media,open,0,
user_189,2025-01-01 06:43:04,display_ads,click,0,
user_171,2025-01-10 17:47:28,social_media,open,0,
user_46,2025-01-07 03:40:31,email,open,0,
user_8,2025-01-17 02:58:49,organic_search,open,0,
user_700,2025-01-03 16:57:19,organic_search,click,0,
user_859,2025-01-05 13:41:56,direct,click,0,
user_108,2025-01-18 15:11:25,social_media,open,0,
user_95,2025-01-13 12:59:44,social_media,click,0,
user_516,2025-01-11 07:43:32,direct,open,0,
user_219,2025-01-15 11:54:25,organic_search,click,0,
user_688,2025-01-01 00:40:25,direct,open,0,
user_405,2025-01-18 00:19:06,organic_search,click,0,
user_464,2025-01-07 15:07:59,social_media,open,0,
user_454,2025-01-12 10:40:01,organic_search,open,0,
user_437,2025-01-14 09:32:17,display_ads,open,0,
user_250,2025-01-19 11:05:55,organic_search,conversion,1,1.0
user_730,2025-01-09 04:24:11,display_ads,click,0,
user_497,2025-01-16 07:25:28,display_ads,click,0,
user_821,2025-01-04 03:38:43,organic_search,open,0,
user_444,2025-01-21 10:14:51,display_ads,click,0,
user_569,2025-01-21 01:49:28,organic_search,click,0,
user_165,2025-01-22 08:53:29,direct,open,0,
user_30,2025-01-01 08:55:46,email,open,0,
user_351,2025-01-07 11:54:26,social_media,open,0,
user_798,2025-01-01 13:18:13,email,open,0,
user_524,2025-01-08 05:54:35,organic_search,click,0,
user_114,2025-01-03 06:13:10,email,click,0,
user_70,2025-01-15 23:27:00,direct,click,0,
user_402,2025-01-10 03:40:20,display_ads,click,0,
user_34,2025-01-18 12:44:37,organic_search,click,0,
user_291,2025-01-07 20:22:56,social_media,click,0,
user_930,2025-01-09 16:52:19,direct,open,0,
user_178,2025-01-08 11:43:07,display_ads,click,0,
user_523,2025-01-07 03:02:07,direct,click,0,
user_575,2025-01-02 08:44:47,organic_search,open,0,
user_855,2025-01-01 15:25:30,email,open,0,
user_131,2025-01-24 08:58:25,direct,click,0,
user_922,2025-01-02 20:35:00,email,open,0,
user_199,2025-01-18 13:27:29,display_ads,conversion,1,3.0
user_87,2025-01-17 10:05:42,social_media,open,0,
user_120,2025-01-19 18:53:24,social_media,click,0,
user_212,2025-01-08 22:43:36,organic_search,click,0,
user_548,2025-01-23 13:00:34,direct,open,0,
user_753,2025-01-21 20:06:23,social_media,open,0,
user_546,2025-01-04 00:27:40,social_media,open,0,
user_221,2025-01-11 10:51:25,organic_search,open,0,
user_737,2025-01-04 15:09:48,direct,open,0,
user_462,2025-01-19 21:50:41,organic_search,click,0,
user_177,2025-01-07 14:12:11,email,open,0,
user_913,2025-01-02 16:10:30,organic_search,click,0,
user_58,2025-01-09 11:01:39,display_ads,click,0,
user_526,2025-01-12 18:40:12,display_ads,click,0,
user_393,2025-01-02 06:55:36,email,open,0,
user_89,2025-01-07 20:00:56,display_ads,click,0,
user_12,2025-01-05 09:22:30,direct,open,0,
user_540,2025-01-14 12:56:13,display_ads,conversion,1,4.0
user_500,2025-01-14 01:36:42,organic_search,click,0,
user_673,2025-01-11 21:51:07,organic_search,open,0,
user_578,2025-01-05 14:36:30,display_ads,click,0,
user_944,2025-01-13 07:34:03,display_ads,click,0,
user_815,2025-01-20 03:06:45,direct,click,0,
user_204,2025-01-07 20:26:23,email,open,0,
user_431,2025-01-03 05:29:06,display_ads,click,0,
user_745,2025-01-19 17:17:58,email,click,0,
user_706,2025-01-20 21:08:06,organic_search,open,0,
user_242,2025-01-09 23:57:49,organic_search,click,0,
user_184,2025-01-10 11:43:04,organic_search,open,0,
user_469,2025-01-02 03:48:37,direct,open,0,
user_558,2025-01-01 11:24:25,direct,click,0,
user_939,2025-01-09 13:34:48,social_media,click,0,
user_515,2025-01-06 23:54:08,social_media,click,0,
user_398,2025-01-10 15:18:54,email,click,0,
user_752,2025-01-03 09:47:19,social_media,open,0,
user_217,2025-01-07 17:14:24,organic_search,click,0,
user_146,2025-01-11 23:45:45,direct,open,0,
user_219,2025-01-18 22:03:05,social_media,click,0,
user_450,2025-01-04 19:04:03,email,open,0,
user_861,2025-01-12 19:38:22,display_ads,open,0,
user_2,2025-01-23 15:25:06,email,click,0,
user_548,2025-01-17 05:34:36,display_ads,open,0,
user_303,2025-01-04 07:44:50,email,click,0,
user_767,2025-01-23 16:27:44,email,click,0,
user_981,2025-01-13 23:06:45,display_ads,open,0,
user_947,2025-01-23 16:54:48,display_ads,click,0,
user_60,2025-01-15 20:03:08,social_media,open,0,
user_252,2025-01-13 12:28:25,organic_search,click,0,
user_420,2025-01-17 14:21:18,email,click,0,
user_415,2025-01-20 20:13:49,social_media,open,0,
user_582,2025-01-20 04:17:38,display_ads,click,0,
user_209,2025-01-14 12:54:05,email,conversion,1,5.0
user_420,2025-01-22 14:38:39,social_media,open,0,
user_54,2025-01-23 19:59:27,display_ads,click,0,
user_955,2025-01-01 10:24:18,organic_search,open,0,
user_358,2025-01-21 15:14:30,direct,conversion,1,3.0
user_659,2025-01-06 12:41:43,direct,open,0,
user_872,2025-01-15 08:11:41,direct,open,0,
user_768,2025-01-11 02:05:49,organic_search,open,0,
user_377,2025-01-08 23:19:44,direct,click,0,
user_745,2025-01-20 02:21:51,organic_search,open,0,
user_997,2025-01-18 21:02:59,organic_search,open,0,
user_297,2025-01-07 23:15:38,organic_search,open,0,
user_23,2025-01-01 03:58:43,direct,click,0,
user_900,2025-01-03 03:54:42,social_media,click,0,
user_573,2025-01-17 04:16:20,direct,conversion,1,1.0
user_747,2025-01-23 21:57:46,direct,click,0,
user_110,2025-01-12 04:18:12,social_media,click,0,
user_186,2025-01-04 22:14:54,organic_search,open,0,
user_791,2025-01-13 22:59:32,email,click,0,
user_313,2025-01-20 22:34:41,organic_search,open,0,
user_213,2025-01-03 09:21:57,social_media,click,0,
user_346,2025-01-01 01:27:11,email,click,0,
user_595,2025-01-01 12:32:09,organic_search,click,0,
user_955,2025-01-25 18:24:00,email,click,0,
user_426,2025-01-12 21:08:21,organic_search,conversion,1,2.0
user_857,2025-01-04 11:02:52,social_media,click,0,
user_102,2025-01-24 06:10:05,social_media,open,0,
user_679,2025-01-22 05:47:53,direct,click,0,
user_973,2025-01-02 22:24:15,direct,click,0,
user_876,2025-01-02 16:20:02,organic_search,click,0,
user_868,2025-01-17 16:34:40,email,click,0,
user_778,2025-01-10 05:34:55,email,open,0,
user_23,2025-01-08 21:22:15,organic_search,click,0,
user_150,2025-01-25 02:52:29,social_media,open,0,
user_39,2025-01-21 22:36:39,organic_search,click,0,
user_487,2025-01-18 03:18:54,direct,conversion,1,3.0
user_597,2025-01-17 11:22:20,display_ads,open,0,
user_12,2025-01-25 13:31:11,direct,conversion,1,1.0
user_87,2025-01-19 16:10:15,direct,click,0,
user_649,2025-01-08 11:54:49,organic_search,open,0,
user_269,2025-01-15 05:54:51,email,click,0,
user_940,2025-01-18 18:38:19,organic_search,conversion,1,5.0
user_941,2025-01-21 22:52:21,email,conversion,1,3.0
user_688,2025-01-08 21:15:09,social_media,click,0,
user_95,2025-01-09 10:20:56,direct,click,0,
user_250,2025-01-18 21:48:33,social_media,click,0,
user_671,2025-01-20 06:58:35,organic_search,click,0,
user_5,2025-01-15 16:31:30,direct,open,0,
user_476,2025-01-01 03:25:06,email,open,0,
user_451,2025-01-10 23:58:14,email,click,0,
user_563,2025-01-11 00:37:48,organic_search,open,0,
user_615,2025-01-23 04:03:35,direct,click,0,
user_146,2025-01-19 21:15:58,direct,click,0,
user_538,2025-01-12 12:53:32,direct,open,0,
user_530,2025-01-12 20:26:04,direct,click,0,
user_988,2025-01-17 13:20:43,organic_search,click,0,
user_58,2025-01-02 17:31:02,organic_search,click,0,
user_655,2025-01-11 22:08:32,organic_search,click,0,
user_829,2025-01-18 20:10:50,organic_search,open,0,
user_646,2025-01-10 15:15:48,organic_search,open,0,
user_110,2025-01-24 03:27:01,email,open,0,
user_402,2025-01-18 20:18:28,direct,click,0,
user_391,2025-01-10 03:30:25,organic_search,click,0,
user_852,2025-01-03 18:11:05,email,conversion,1,3.0
user_430,2025-01-25 15:05:42,email,open,0,
user_289,2025-01-23 14:50:55,organic_search,open,0,
user_270,2025-01-07 08:51:15,social_media,open,0,
user_862,2025-01-09 01:05:53,display_ads,click,0,
user_774,2025-01-12 17:20:48,display_ads,conversion,1,4.0
user_984,2025-01-25 04:51:14,email,click,0,
user_675,2025-01-01 06:00:16,organic_search,click,0,
user_231,2025-01-23 02:24:47,direct,click,0,
user_978,2025-01-19 16:10:08,social_media,click,0,
user_418,2025-01-03 03:03:44,email,conversion,1,4.0
user_788,2025-01-12 11:53:02,social_media,open,0,
user_812,2025-01-15 20:08:33,email,open,0,
user_529,2025-01-04 22:17:46,social_media,open,0,
user_62,2025-01-07 03:03:54,direct,click,0,
user_30,2025-01-15 17:25:21,direct,open,0,
user_608,2025-01-07 12:35:06,organic_search,click,0,
user_229,2025-01-04 19:40:46,social_media,click,0,
user_296,2025-01-18 04:23:40,direct,open,0,
user_545,2025-01-11 01:21:12,display_ads,open,0,
user_134,2025-01-10 13:27:16,social_media,click,0,
user_247,2025-01-12 07:09:54,display_ads,open,0,
user_555,2025-01-11 22:56:34,social_media,open,0,
user_283,2025-01-09 18:25:06,direct,click,0,
user_87,2025-01-06 05:24:32,organic_search,conversion,1,4.0
user_795,2025-01-24 21:36:15,direct,open,0,
user_121,2025-01-16 21:33:28,social_media,click,0,
user_155,2025-01-11 00:45:02,display_ads,click,0,
user_556,2025-01-07 21:09:46,social_media,conversion,1,5.0
user_877,2025-01-16 20:42:06,social_media,click,0,
user_479,2025-01-04 00:53:21,direct,click,0,
user_662,2025-01-10 00:07:31,organic_search,click,0,
user_8,2025-01-05 20:46:37,organic_search,open,0,
user_136,2025-01-14 03:11:09,display_ads,open,0,
user_582,2025-01-15 00:04:14,display_ads,click,0,
user_557,2025-01-19 09:25:41,organic_search,click,0,
user_229,2025-01-16 11:05:00,email,click,0,
user_544,2025-01-02 02:29:26,display_ads,click,0,
user_160,2025-01-05 14:02:43,display_ads,click,0,
user_458,2025-01-02 08:14:21,direct,open,0,
user_800,2025-01-07 15:51:11,organic_search,open,0,
user_524,2025-01-23 07:49:43,social_media,click,0,
user_147,2025-01-11 22:05:14,display_ads,click,0,
user_393,2025-01-06 08:40:29,organic_search,click,0,
user_883,2025-01-25 12:00:06,organic_search,conversion,1,2.0
user_584,2025-01-21 15:42:36,direct,open,0,
user_958,2025-01-05 11:22:33,display_ads,conversion,1,1.0
user_776,2025-01-14 03:40:54,direct,conversion,1,3.0
user_310,2025-01-10 15:28:53,organic_search,click,0,
user_278,2025-01-16 03:25:49,direct,open,0,
user_962,2025-01-01 09:50:20,social_media,click,0,
user_159,2025-01-10 22:20:56,organic_search,open,0,
user_926,2025-01-21 07:47:47,organic_search,conversion,1,4.0
user_825,2025-01-18 23:41:54,display_ads,click,0,
user_884,2025-01-02 07:44:18,direct,open,0,
user_385,2025-01-21 19:39:11,direct,click,0,
user_440,2025-01-04 21:32:32,organic_search,click,0,
user_20,2025-01-19 09:45:34,social_media,click,0,
user_936,2025-01-24 08:51:50,social_media,click,0,
user_375,2025-01-20 20:47:33,organic_search,conversion,1,2.0
user_342,2025-01-07 02:53:43,social_media,conversion,1,1.0
user_476,2025-01-11 18:37:13,social_media,click,0,
user_776,2025-01-05 12:05:07,direct,click,0,
user_214,2025-01-01 17:47:46,email,click,0,
user_373,2025-01-20 11:44:56,social_media,click,0,
user_465,2025-01-19 14:10:28,direct,click,0,
user_48,2025-01-24 18:45:56,organic_search,open,0,
user_953,2025-01-04 23:22:44,direct,click,0,
user_351,2025-01-22 04:09:25,organic_search,click,0,
user_773,2025-01-23 17:43:41,direct,open,0,
user_172,2025-01-10 11:21:41,organic_search,open,0,
user_825,2025-01-22 00:25:43,display_ads,open,0,
user_234,2025-01-08 09:12:30,display_ads,click,0,
user_632,2025-01-14 15:50:40,direct,open,0,
user_302,2025-01-23 22:02:02,direct,click,0,
user_679,2025-01-17 10:35:55,organic_search,open,0,
user_993,2025-01-22 17:20:37,email,click,0,
user_267,2025-01-14 17:22:05,direct,open,0,
user_407,2025-01-19 22:12:10,direct,click,0,
user_96,2025-01-09 05:33:08,organic_search,open,0,
user_725,2025-01-05 14:18:52,social_media,click,0,
user_718,2025-01-13 04:37:57,organic_search,click,0,
user_544,2025-01-22 11:01:58,email,conversion,1,4.0
user_554,2025-01-04 03:29:01,email,click,0,
user_670,2025-01-04 22:13:58,display_ads,open,0,
user_295,2025-01-25 21:42:57,direct,open,0,
user_553,2025-01-11 03:42:04,email,open,0,
user_396,2025-01-03 01:55:04,display_ads,conversion,1,4.0
user_198,2025-01-08 06:10:57,social_media,click,0,
user_615,2025-01-24 03:47:01,direct,open,0,
user_167,2025-01-14 07:22:14,email,open,0,
user_834,2025-01-16 19:29:08,social_media,open,0,
user_288,2025-01-24 09:37:38,organic_search,open,0,
user_746,2025-01-19 14:09:34,direct,click,0,
user_465,2025-01-22 11:11:04,direct,conversion,1,4.0
user_24,2025-01-08 23:25:33,direct,click,0,
user_557,2025-01-22 22:53:07,email,click,0,
user_174,2025-01-23 19:52:26,display_ads,open,0,
user_888,2025-01-10 03:46:27,email,open,0,
user_678,2025-01-12 17:10:32,email,click,0,
user_366,2025-01-16 14:57:25,email,open,0,
user_295,2025-01-25 01:33:05,organic_search,click,0,
user_81,2025-01-05 13:19:11,email,click,0,
user_140,2025-01-08 07:45:52,email,open,0,
user_781,2025-01-04 22:21:59,direct,click,0,
user_44,2025-01-07 17:53:34,direct,open,0,
user_755,2025-01-15 21:27:28,social_media,open,0,
user_658,2025-01-02 19:09:14,direct,open,0,
user_772,2025-01-15 23:35:20,organic_search,click,0,
user_690,2025-01-05 10:14:35,direct,open,0,
user_731,2025-01-03 08:49:34,organic_search,open,0,
user_373,2025-01-16 03:00:20,display_ads,click,0,
user_747,2025-01-16 18:20:24,social_media,open,0,
user_728,2025-01-11 14:27:58,email,open,0,
user_520,2025-01-24 12:04:55,social_media,click,0,
user_241,2025-01-19 01:10:59,email,conversion,1,5.0
user_711,2025-01-25 09:10:45,display_ads,click,0,
user_644,2025-01-08 23:13:46,email,open,0,
user_529,2025-01-04 14:08:48,email,click,0,
user_261,2025-01-05 22:42:24,direct,click,0,
user_778,2025-01-07 22:53:01,email,click,0,
user_335,2025-01-24 09:52:04,social_media,click,0,
user_140,2025-01-08 07:25:28,organic_search,click,0,
user_232,2025-01-16 22:53:10,direct,conversion,1,1.0
user_54,2025-01-04 23:57:41,display_ads,click,0,
user_833,2025-01-09 06:43:43,direct,open,0,
user_498,2025-01-18 05:53:06,social_media,conversion,1,1.0
user_60,2025-01-22 05:54:31,display_ads,click,0,
user_647,2025-01-19 14:28:22,social_media,click,0,
user_49,2025-01-03 07:23:37,direct,open,0,
user_355,2025-01-11 00:34:51,email,open,0,
user_872,2025-01-04 01:56:05,direct,open,0,
user_395,2025-01-01 14:58:18,organic_search,click,0,
user_605,2025-01-17 01:40:19,organic_search,open,0,
user_563,2025-01-14 19:29:27,display_ads,click,0,
user_994,2025-01-02 07:22:38,social_media,click,0,
user_407,2025-01-13 10:04:21,email,click,0,
user_720,2025-01-20 23:17:22,email,click,0,
user_398,2025-01-24 08:11:09,email,open,0,
user_767,2025-01-17 17:11:40,display_ads,click,0,
user_640,2025-01-04 09:14:31,direct,click,0,
user_130,2025-01-09 15:45:44,organic_search,open,0,
user_489,2025-01-25 06:20:55,organic_search,click,0,
user_648,2025-01-17 07:11:22,email,conversion,1,
user_275,2025-01-17 06:42:55,display_ads,open,0,
user_620,2025-01-09 23:49:11,display_ads,click,0,
user_277,2025-01-18 13:23:22,direct,open,0,
user_555,2025-01-12 03:26:56,display_ads,conversion,1,
user_650,2025-01-14 17:31:24,display_ads,click,0,
user_943,2025-01-05 02:29:01,direct,click,0,
user_754,2025-01-09 10:31:54,display_ads,click,0,
user_928,2025-01-05 12:17:49,email,conversion,1,
user_505,2025-01-14 07:33:00,display_ads,open,0,
user_262,2025-01-06 01:46:29,direct,click,0,
user_70,2025-01-12 02:11:22,email,click,0,
user_782,2025-01-18 00:25:32,organic_search,open,0,
user_830,2025-01-17 15:43:40,direct,open,0,
user_150,2025-01-01 17:10:20,display_ads,open,0,
user_34,2025-01-10 08:16:26,social_media,open,0,
user_511,2025-01-17 22:36:05,organic_search,open,0,
user_986,2025-01-15 05:29:18,display_ads,click,0,
user_155,2025-01-19 05:04:22,organic_search,click,0,
user_24,2025-01-21 21:49:18,social_media,click,0,
user_969,2025-01-07 23:22:13,email,conversion,1,3.0
user_935,2025-01-20 02:04:38,email,conversion,1,1.0
user_35,2025-01-20 07:56:35,direct,conversion,1,5.0
user_846,2025-01-12 02:45:02,display_ads,open,0,
user_149,2025-01-18 13:51:18,email,click,0,
user_410,2025-01-25 14:32:38,organic_search,click,0,
user_256,2025-01-25 00:38:16,social_media,open,0,
user_52,2025-01-04 10:42:44,organic_search,open,0,
user_927,2025-01-07 16:14:54,display_ads,click,0,
user_671,2025-01-10 07:05:48,direct,click,0,
user_693,2025-01-19 07:39:40,display_ads,click,0,
user_128,2025-01-14 14:00:19,direct,click,0,
user_929,2025-01-13 23:46:50,social_media,click,0,
user_355,2025-01-07 07:37:08,social_media,conversion,1,1.0
user_38,2025-01-09 08:17:52,direct,click,0,
user_352,2025-01-23 14:57:26,organic_search,click,0,
user_879,2025-01-10 11:06:50,direct,click,0,
user_131,2025-01-12 00:50:21,social_media,open,0,
user_136,2025-01-22 02:47:20,direct,open,0,
user_944,2025-01-25 21:44:42,direct,click,0,
user_580,2025-01-18 07:16:43,direct,open,0,
user_818,2025-01-07 07:10:31,display_ads,open,0,
user_689,2025-01-01 04:56:58,social_media,click,0,
user_452,2025-01-15 10:04:30,organic_search,open,0,
user_848,2025-01-12 10:04:57,display_ads,open,0,
user_282,2025-01-03 23:52:02,social_media,click,0,
user_76,2025-01-04 06:18:09,direct,click,0,
user_245,2025-01-11 22:41:31,organic_search,click,0,
user_974,2025-01-24 18:04:41,email,click,0,
user_313,2025-01-07 13:24:28,organic_search,open,0,
user_669,2025-01-18 00:41:55,email,click,0,
user_14,2025-01-13 05:22:03,direct,open,0,
user_771,2025-01-12 12:17:06,social_media,click,0,
user_401,2025-01-24 00:16:28,direct,click,0,
user_675,2025-01-01 18:01:55,display_ads,open,0,
user_949,2025-01-09 01:12:56,email,open,0,
user_254,2025-01-15 14:48:43,email,click,0,
user_182,2025-01-23 08:50:49,display_ads,click,0,
user_17,2025-01-14 16:53:49,email,click,0,
user_360,2025-01-21 01:56:53,email,click,0,
user_554,2025-01-13 15:28:45,email,click,0,
user_561,2025-01-06 07:43:09,email,open,0,
user_646,2025-01-05 06:15:52,email,click,0,
user_344,2025-01-12 05:50:10,organic_search,open,0,
user_976,2025-01-24 03:23:39,direct,click,0,
user_857,2025-01-08 09:32:22,display_ads,click,0,
user_87,2025-01-14 23:11:59,email,click,0,
user_904,2025-01-11 09:29:05,display_ads,open,0,
user_623,2025-01-14 16:31:01,direct,open,0,
user_138,2025-01-09 08:33:19,email,open,0,
user_194,2025-01-25 18:39:15,email,open,0,
user_755,2025-01-17 18:07:57,direct,click,0,
user_14,2025-01-07 23:14:56,direct,open,0,
user_304,2025-01-25 03:39:26,display_ads,open,0,
user_251,2025-01-09 10:20:14,display_ads,click,0,
user_198,2025-01-01 20:56:24,direct,click,0,
user_36,2025-01-19 10:49:38,display_ads,open,0,
user_519,2025-01-10 09:28:25,display_ads,click,0,
user_406,2025-01-14 00:05:46,social_media,click,0,
user_961,2025-01-09 08:15:53,social_media,click,0,
user_900,2025-01-04 00:19:22,direct,click,0,
user_367,2025-01-23 20:18:10,email,open,0,
user_797,2025-01-07 22:58:17,social_media,open,0,
user_616,2025-01-07 04:52:11,social_media,click,0,
user_296,2025-01-08 18:17:53,email,conversion,1,3.0
user_369,2025-01-04 18:02:55,direct,click,0,
user_491,2025-01-01 03:11:05,email,click,0,
user_892,2025-01-10 01:27:41,display_ads,click,0,
user_787,2025-01-12 01:42:10,organic_search,click,0,
user_190,2025-01-12 14:29:38,direct,click,0,
user_217,2025-01-18 01:47:17,organic_search,open,0,
user_460,2025-01-23 12:25:38,email,open,0,
user_307,2025-01-22 21:47:28,display_ads,click,0,
user_724,2025-01-07 05:47:28,organic_search,open,0,
user_716,2025-01-24 12:12:28,organic_search,open,0,
user_218,2025-01-07 16:43:16,social_media,open,0,
user_648,2025-01-02 15:12:47,organic_search,open,0,
user_172,2025-01-10 17:49:02,email,open,0,
user_813,2025-01-08 16:26:19,organic_search,click,0,
user_704,2025-01-01 04:38:15,email,conversion,1,5.0
user_394,2025-01-19 05:38:47,display_ads,open,0,
user_793,2025-01-01 11:40:36,social_media,open,0,
user_193,2025-01-13 01:17:00,organic_search,click,0,
user_574,2025-01-03 08:15:46,organic_search,click,0,
user_929,2025-01-13 09:22:42,display_ads,open,0,
user_494,2025-01-05 10:16:29,organic_search,click,0,
user_234,2025-01-03 20:23:59,email,conversion,1,
user_664,2025-01-10 01:08:53,direct,click,0,
user_945,2025-01-03 16:51:15,direct,conversion,1,2.0
user_479,2025-01-24 09:06:48,organic_search,open,0,
user_450,2025-01-07 09:00:31,email,click,0,
user_377,2025-01-24 03:25:44,direct,open,0,
user_9,2025-01-15 18:55:48,social_media,click,0,
user_181,2025-01-02 20:24:42,display_ads,open,0,
user_540,2025-01-10 13:31:25,display_ads,click,0,
user_730,2025-01-11 12:24:13,email,open,0,
user_296,2025-01-10 17:20:52,display_ads,click,0,
user_393,2025-01-11 12:47:41,display_ads,click,0,
user_787,2025-01-13 13:40:51,social_media,open,0,
user_149,2025-01-14 16:18:23,social_media,click,0,
user_755,2025-01-08 13:40:00,social_media,click,0,
user_575,2025-01-01 15:37:20,social_media,conversion,1,4.0
user_788,2025-01-07 15:33:16,organic_search,open,0,
user_467,2025-01-06 08:13:01,social_media,click,0,
user_204,2025-01-07 21:39:29,social_media,click,0,
user_568,2025-01-20 18:29:37,organic_search,open,0,
user_604,2025-01-01 03:21:38,organic_search,click,0,
user_499,2025-01-20 08:13:04,email,click,0,
user_89,2025-01-16 22:20:48,social_media,click,0,
user_797,2025-01-18 04:30:18,organic_search,open,0,
user_295,2025-01-22 04:26:25,direct,open,0,
user_391,2025-01-03 13:18:45,organic_search,click,0,
user_568,2025-01-22 14:34:38,organic_search,open,0,
user_706,2025-01-02 13:57:12,email,open,0,
user_35,2025-01-18 04:56:20,direct,click,0,
user_870,2025-01-24 16:14:47,social_media,open,0,
user_786,2025-01-06 05:53:36,organic_search,click,0,
user_646,2025-01-21 07:07:14,email,click,0,
user_411,2025-01-01 04:52:34,direct,click,0,
user_185,2025-01-02 10:26:40,social_media,click,0,
user_803,2025-01-24 20:38:58,email,click,0,
user_770,2025-01-09 12:42:05,organic_search,open,0,
user_902,2025-01-11 07:23:12,social_media,conversion,1,
user_851,2025-01-06 02:39:13,social_media,click,0,
user_43,2025-01-07 21:09:57,social_media,click,0,
user_672,2025-01-13 17:09:52,direct,click,0,
user_503,2025-01-09 18:15:23,display_ads,click,0,
user_621,2025-01-07 16:29:33,direct,click,0,
user_87,2025-01-01 13:56:19,direct,click,0,
user_129,2025-01-23 01:24:44,display_ads,click,0,
user_219,2025-01-09 03:48:18,direct,open,0,
user_387,2025-01-14 08:22:55,direct,click,0,
user_925,2025-01-05 01:09:05,display_ads,click,0,
user_66,2025-01-01 03:41:34,email,open,0,
user_297,2025-01-16 19:25:25,display_ads,conversion,1,1.0
user_410,2025-01-21 20:44:27,display_ads,open,0,
user_342,2025-01-19 17:09:15,display_ads,open,0,
user_612,2025-01-14 03:03:50,organic_search,click,0,
user_22,2025-01-11 20:10:46,direct,open,0,
user_792,2025-01-23 21:34:31,email,click,0,
user_33,2025-01-24 02:15:28,direct,conversion,1,5.0
user_932,2025-01-18 14:04:50,direct,click,0,
user_667,2025-01-02 18:36:40,organic_search,open,0,
user_182,2025-01-06 20:18:23,organic_search,open,0,
user_852,2025-01-11 08:04:00,direct,click,0,
user_31,2025-01-22 18:20:09,display_ads,open,0,
user_724,2025-01-08 14:38:41,direct,open,0,
user_112,2025-01-20 20:31:51,organic_search,conversion,1,2.0
user_981,2025-01-18 20:05:43,social_media,open,0,
user_459,2025-01-25 18:00:20,display_ads,click,0,
user_72,2025-01-06 02:43:40,social_media,open,0,
user_343,2025-01-12 06:06:43,organic_search,open,0,
user_26,2025-01-03 14:27:17,social_media,click,0,
user_784,2025-01-16 03:46:53,direct,click,0,
user_411,2025-01-20 19:12:20,social_media,open,0,
user_762,2025-01-23 07:11:54,email,click,0,
user_467,2025-01-10 13:39:33,display_ads,click,0,
user_233,2025-01-21 09:11:54,social_media,click,0,
user_989,2025-01-22 04:27:46,social_media,click,0,
user_52,2025-01-23 18:10:28,direct,click,0,
user_548,2025-01-12 16:36:47,email,conversion,1,4.0
user_834,2025-01-20 03:27:13,organic_search,click,0,
user_442,2025-01-04 22:02:46,direct,open,0,
user_946,2025-01-21 07:31:41,direct,open,0,
user_395,2025-01-08 03:14:16,display_ads,conversion,1,2.0
user_29,2025-01-20 18:16:32,social_media,open,0,
user_996,2025-01-25 09:01:16,direct,click,0,
user_110,2025-01-09 19:05:50,social_media,conversion,1,4.0
user_794,2025-01-13 23:03:30,social_media,open,0,
user_378,2025-01-06 01:33:33,social_media,click,0,
user_266,2025-01-05 02:36:49,social_media,open,0,
user_936,2025-01-02 11:22:43,direct,open,0,
user_316,2025-01-25 15:13:16,email,open,0,
user_546,2025-01-19 17:11:06,direct,click,0,
user_389,2025-01-14 08:43:34,social_media,open,0,
user_939,2025-01-04 11:47:08,direct,click,0,
user_757,2025-01-13 05:30:11,email,open,0,
user_352,2025-01-02 09:12:18,organic_search,open,0,
user_892,2025-01-02 06:48:39,organic_search,click,0,
user_613,2025-01-23 13:46:27,direct,click,0,
user_48,2025-01-06 21:45:13,social_media,open,0,
user_145,2025-01-07 00:55:05,social_media,click,0,
user_810,2025-01-04 12:22:00,email,open,0,
user_312,2025-01-04 17:56:58,display_ads,open,0,
user_752,2025-01-22 02:46:58,email,open,0,
user_24,2025-01-15 16:21:58,social_media,open,0,
user_680,2025-01-03 14:29:48,display_ads,conversion,1,3.0
user_313,2025-01-14 03:04:27,social_media,click,0,
user_605,2025-01-02 19:10:39,social_media,open,0,
user_268,2025-01-24 11:33:24,display_ads,click,0,
user_511,2025-01-11 13:15:47,display_ads,open,0,
user_931,2025-01-04 11:08:35,email,open,0,
user_447,2025-01-23 00:51:24,email,click,0,
user_705,2025-01-14 05:08:04,direct,click,0,
user_593,2025-01-09 19:39:47,social_media,click,0,
user_816,2025-01-22 21:59:21,social_media,click,0,
user_314,2025-01-10 07:47:23,social_media,click,0,
user_862,2025-01-23 19:56:32,social_media,open,0,
user_650,2025-01-11 14:00:32,organic_search,open,0,
user_618,2025-01-10 08:46:16,email,click,0,
user_415,2025-01-10 05:16:01,display_ads,click,0,
user_978,2025-01-19 21:44:48,organic_search,click,0,
user_743,2025-01-24 07:29:26,social_media,open,0,
user_700,2025-01-12 02:17:01,social_media,click,0,
user_912,2025-01-10 05:15:41,email,click,0,
user_833,2025-01-13 10:18:52,organic_search,click,0,
user_93,2025-01-11 08:18:34,social_media,open,0,
user_301,2025-01-19 08:17:51,organic_search,click,0,
user_152,2025-01-05 09:45:03,email,click,0,
user_275,2025-01-24 04:56:03,email,open,0,
user_80,2025-01-23 00:35:07,email,click,0,
user_503,2025-01-11 06:20:45,email,click,0,
user_916,2025-01-14 14:13:02,organic_search,click,0,
user_917,2025-01-14 19:44:38,email,click,0,
user_480,2025-01-20 18:31:51,direct,click,0,
user_697,2025-01-12 02:14:06,organic_search,open,0,
user_835,2025-01-25 17:07:25,email,open,0,
user_164,2025-01-17 16:51:58,direct,click,0,
user_619,2025-01-16 13:05:17,display_ads,click,0,
user_237,2025-01-21 18:44:05,social_media,click,0,
user_525,2025-01-25 01:16:46,email,open,0,
user_11,2025-01-21 01:39:43,direct,conversion,1,4.0
user_129,2025-01-09 08:16:59,display_ads,click,0,
user_352,2025-01-03 04:45:21,display_ads,open,0,
user_575,2025-01-10 12:43:17,organic_search,open,0,
user_614,2025-01-11 20:59:36,direct,open,0,
user_540,2025-01-20 03:22:29,display_ads,open,0,
user_6,2025-01-07 07:35:52,direct,open,0,
user_344,2025-01-03 09:43:26,organic_search,click,0,
user_353,2025-01-15 04:48:34,organic_search,conversion,1,3.0
user_469,2025-01-22 05:37:40,direct,open,0,
user_368,2025-01-06 04:14:47,email,click,0,
user_408,2025-01-11 03:14:56,email,click,0,
user_933,2025-01-15 13:25:13,organic_search,open,0,
user_94,2025-01-10 01:29:27,organic_search,conversion,1,3.0
user_243,2025-01-24 11:06:35,organic_search,click,0,
user_324,2025-01-10 08:16:57,email,open,0,
user_421,2025-01-20 22:40:17,organic_search,click,0,
user_1,2025-01-07 23:36:59,email,click,0,
user_429,2025-01-15 03:32:27,direct,open,0,
user_774,2025-01-23 13:36:28,email,click,0,
user_700,2025-01-11 06:45:20,direct,click,0,
user_422,2025-01-15 23:58:53,display_ads,conversion,1,2.0
user_793,2025-01-03 02:02:25,display_ads,open,0,
user_946,2025-01-13 15:27:03,display_ads,open,0,
user_56,2025-01-09 06:31:43,organic_search,open,0,
user_495,2025-01-14 10:28:59,direct,open,0,
user_306,2025-01-01 23:26:14,display_ads,click,0,
user_346,2025-01-18 17:44:50,email,click,0,
user_515,2025-01-10 17:28:54,display_ads,open,0,
user_649,2025-01-10 16:21:50,organic_search,click,0,
user_58,2025-01-12 03:20:06,direct,open,0,
user_657,2025-01-24 14:18:20,social_media,click,0,
user_101,2025-01-19 09:04:38,social_media,click,0,
user_307,2025-01-22 12:16:43,display_ads,click,0,
user_618,2025-01-03 02:21:23,email,click,0,
user_298,2025-01-08 00:54:55,social_media,click,0,
user_708,2025-01-24 02:17:01,organic_search,open,0,
user_567,2025-01-09 13:00:17,organic_search,click,0,
user_967,2025-01-01 13:53:58,direct,open,0,
user_159,2025-01-18 03:05:06,organic_search,click,0,
user_18,2025-01-03 15:45:37,direct,conversion,1,4.0
user_918,2025-01-08 04:14:29,social_media,open,0,
user_631,2025-01-09 00:34:18,display_ads,click,0,
user_102,2025-01-24 11:17:41,display_ads,open,0,
user_301,2025-01-17 13:43:49,organic_search,conversion,1,1.0
user_135,2025-01-16 11:18:22,email,open,0,
user_428,2025-01-07 05:28:24,email,click,0,
user_898,2025-01-18 06:42:17,display_ads,open,0,
user_992,2025-01-24 14:04:31,display_ads,conversion,1,5.0
user_929,2025-01-13 03:11:08,social_media,click,0,
user_556,2025-01-09 09:32:07,display_ads,conversion,1,1.0
user_70,2025-01-23 11:11:46,display_ads,click,0,
user_747,2025-01-14 01:48:29,direct,click,0,
user_539,2025-01-12 18:01:23,display_ads,click,0,
user_885,2025-01-08 18:32:20,social_media,open,0,
user_256,2025-01-20 00:38:57,organic_search,conversion,1,1.0
user_898,2025-01-06 00:16:48,email,click,0,
user_181,2025-01-10 00:46:27,email,open,0,
user_572,2025-01-24 04:54:25,display_ads,click,0,
user_615,2025-01-03 12:02:27,email,click,0,
user_169,2025-01-05 21:50:23,email,open,0,
user_888,2025-01-03 23:41:56,email,click,0,
user_199,2025-01-01 22:40:09,email,click,0,
user_164,2025-01-10 23:12:24,display_ads,click,0,
user_795,2025-01-06 13:31:56,email,open,0,
user_795,2025-01-25 07:49:16,social_media,click,0,
user_72,2025-01-09 20:56:29,display_ads,open,0,
user_450,2025-01-10 00:42:08,social_media,open,0,
user_284,2025-01-04 10:09:50,organic_search,click,0,
user_171,2025-01-01 23:16:57,social_media,click,0,
user_702,2025-01-09 13:38:12,direct,click,0,
user_224,2025-01-16 17:02:21,organic_search,open,0,
user_24,2025-01-10 02:35:58,display_ads,open,0,
user_623,2025-01-01 03:29:17,email,click,0,
user_231,2025-01-12 16:30:41,social_media,open,0,
user_199,2025-01-03 12:30:12,direct,open,0,
user_643,2025-01-03 17:44:52,email,open,0,
user_389,2025-01-15 21:33:00,organic_search,open,0,
user_568,2025-01-03 16:22:25,email,click,0,
user_716,2025-01-01 06:03:42,email,open,0,
user_595,2025-01-01 00:55:01,social_media,click,0,
user_888,2025-01-02 10:23:07,direct,open,0,
user_761,2025-01-18 00:44:40,social_media,click,0,
user_661,2025-01-01 06:33:55,organic_search,open,0,
user_632,2025-01-25 06:52:58,organic_search,open,0,
user_545,2025-01-15 17:27:16,display_ads,click,0,
user_670,2025-01-13 04:39:21,social_media,conversion,1,5.0
user_299,2025-01-25 19:17:54,display_ads,click,0,
user_616,2025-01-09 15:23:39,display_ads,conversion,1,3.0
user_621,2025-01-08 03:11:29,direct,open,0,
user_837,2025-01-07 18:26:18,email,click,0,
user_490,2025-01-14 12:56:48,direct,open,0,
user_113,2025-01-17 11:41:16,display_ads,click,0,
user_50,2025-01-22 10:05:39,display_ads,click,0,
user_851,2025-01-01 11:17:27,email,conversion,1,3.0
user_740,2025-01-11 15:14:21,social_media,open,0,
user_891,2025-01-13 23:44:16,organic_search,click,0,
user_209,2025-01-10 20:06:49,direct,click,0,
user_608,2025-01-21 02:15:17,direct,click,0,
user_725,2025-01-12 00:56:39,display_ads,click,0,
user_374,2025-01-16 15:31:51,social_media,open,0,
user_38,2025-01-18 02:53:14,organic_search,click,0,
user_458,2025-01-05 02:35:24,social_media,open,0,
user_216,2025-01-06 11:08:44,social_media,conversion,1,4.0
user_579,2025-01-04 20:13:17,organic_search,open,0,
user_817,2025-01-14 06:36:44,email,open,0,
user_894,2025-01-23 20:12:47,social_media,open,0,
user_781,2025-01-23 06:02:43,display_ads,click,0,
user_800,2025-01-01 23:54:10,social_media,click,0,
user_413,2025-01-08 07:04:27,direct,click,0,
user_342,2025-01-17 22:52:46,social_media,click,0,
user_869,2025-01-14 19:16:29,direct,open,0,
user_237,2025-01-12 13:18:34,display_ads,open,0,
user_318,2025-01-25 18:58:56,display_ads,click,0,
user_888,2025-01-07 05:22:54,organic_search,open,0,
user_572,2025-01-14 11:35:35,email,click,0,
user_316,2025-01-25 12:00:08,email,conversion,1,1.0
user_401,2025-01-16 20:51:03,email,click,0,
user_91,2025-01-18 07:23:03,organic_search,click,0,
user_80,2025-01-23 17:06:38,email,open,0,
user_601,2025-01-02 10:41:48,organic_search,click,0,
user_763,2025-01-17 20:47:55,social_media,click,0,
user_390,2025-01-05 07:25:29,social_media,open,0,
user_865,2025-01-04 01:24:03,display_ads,conversion,1,5.0
user_678,2025-01-04 14:14:08,organic_search,click,0,
user_962,2025-01-17 22:33:21,social_media,open,0,
user_655,2025-01-13 10:56:33,social_media,open,0,
user_220,2025-01-11 20:57:59,email,click,0,
user_926,2025-01-24 17:46:09,direct,open,0,
user_802,2025-01-14 11:43:29,direct,click,0,
user_927,2025-01-10 06:42:56,organic_search,conversion,1,5.0
user_654,2025-01-19 18:28:34,organic_search,open,0,
user_65,2025-01-02 17:33:10,display_ads,click,0,
user_838,2025-01-24 09:47:14,display_ads,click,0,
user_667,2025-01-04 00:40:51,direct,click,0,
user_805,2025-01-15 05:01:14,email,open,0,
user_329,2025-01-19 12:53:15,social_media,click,0,
user_586,2025-01-19 09:40:09,email,click,0,
user_42,2025-01-17 21:20:35,organic_search,open,0,
user_179,2025-01-10 15:48:14,display_ads,click,0,
user_74,2025-01-12 04:00:10,organic_search,click,0,
user_678,2025-01-23 00:41:18,direct,open,0,
user_11,2025-01-19 08:17:17,display_ads,open,0,
user_518,2025-01-16 11:08:35,email,open,0,
user_592,2025-01-06 11:08:57,email,open,0,
user_393,2025-01-10 11:31:19,direct,conversion,1,5.0
user_929,2025-01-15 09:12:48,display_ads,click,0,
user_889,2025-01-22 20:29:47,display_ads,open,0,
user_973,2025-01-02 00:33:25,display_ads,conversion,1,3.0
user_545,2025-01-07 06:37:20,direct,click,0,
user_345,2025-01-19 22:31:13,email,open,0,
user_254,2025-01-02 12:53:50,social_media,click,0,
user_121,2025-01-04 16:19:16,social_media,open,0,
user_95,2025-01-04 12:48:48,email,open,0,
user_846,2025-01-11 19:01:45,direct,click,0,
user_793,2025-01-15 12:40:25,email,conversion,1,5.0
user_423,2025-01-06 21:37:05,organic_search,click,0,
user_791,2025-01-07 03:20:52,organic_search,click,0,
user_650,2025-01-20 10:24:36,direct,open,0,
user_838,2025-01-25 12:38:58,display_ads,open,0,
user_724,2025-01-17 18:44:19,organic_search,click,0,
user_454,2025-01-25 06:53:01,display_ads,click,0,
user_433,2025-01-22 02:57:14,display_ads,open,0,
user_433,2025-01-19 09:01:31,email,open,0,
user_337,2025-01-19 04:40:48,email,open,0,
user_414,2025-01-22 15:04:22,social_media,click,0,
user_448,2025-01-06 18:50:13,direct,open,0,
user_858,2025-01-13 20:41:16,display_ads,click,0,
user_249,2025-01-12 03:42:39,social_media,click,0,
user_571,2025-01-19 08:47:18,social_media,open,0,
user_592,2025-01-13 05:16:57,organic_search,open,0,
user_643,2025-01-13 20:52:30,email,open,0,
user_537,2025-01-07 12:32:30,organic_search,click,0,
user_649,2025-01-08 07:40:58,email,open,0,
user_723,2025-01-02 15:58:48,email,conversion,1,1.0
user_665,2025-01-22 04:06:01,social_media,open,0,
user_748,2025-01-12 17:13:28,display_ads,click,0,
user_456,2025-01-08 19:39:46,display_ads,open,0,
user_478,2025-01-14 01:27:35,organic_search,open,0,
user_917,2025-01-16 06:41:29,display_ads,click,0,
user_446,2025-01-10 11:37:23,display_ads,conversion,1,
user_6,2025-01-20 16:38:08,organic_search,conversion,1,4.0
user_95,2025-01-13 18:04:33,organic_search,click,0,
user_102,2025-01-16 12:25:07,social_media,open,0,
user_777,2025-01-04 08:24:33,organic_search,open,0,
user_734,2025-01-01 23:06:26,organic_search,open,0,
user_333,2025-01-05 21:53:51,email,conversion,1,3.0
user_21,2025-01-03 20:04:41,email,click,0,
user_648,2025-01-04 05:02:09,organic_search,click,0,
user_984,2025-01-14 12:11:03,display_ads,click,0,
user_665,2025-01-04 14:00:20,email,click,0,
user_389,2025-01-05 00:52:15,display_ads,open,0,
user_424,2025-01-14 18:54:57,direct,click,0,
user_500,2025-01-02 08:59:39,display_ads,conversion,1,1.0
user_46,2025-01-11 10:07:30,organic_search,click,0,
user_306,2025-01-05 15:42:22,organic_search,conversion,1,5.0
user_418,2025-01-01 09:03:32,social_media,click,0,
user_602,2025-01-22 18:34:38,direct,open,0,
user_716,2025-01-14 07:27:14,organic_search,click,0,
user_722,2025-01-19 17:52:38,organic_search,open,0,
user_413,2025-01-04 04:57:10,social_media,open,0,
user_394,2025-01-15 00:52:56,display_ads,open,0,
user_212,2025-01-25 17:30:02,social_media,open,0,
user_116,2025-01-07 10:39:25,direct,open,0,
user_581,2025-01-16 10:20:06,social_media,click,0,
user_833,2025-01-10 06:23:14,email,click,0,
user_924,2025-01-02 21:31:36,social_media,click,0,
user_481,2025-01-03 19:30:47,social_media,open,0,
user_245,2025-01-23 07:05:45,organic_search,click,0,
user_581,2025-01-16 16:25:48,email,conversion,1,5.0
user_675,2025-01-15 18:53:02,social_media,click,0,
user_493,2025-01-03 10:55:48,display_ads,click,0,
user_231,2025-01-10 22:11:22,social_media,click,0,
user_513,2025-01-22 01:49:05,direct,click,0,
user_878,2025-01-20 01:53:55,social_media,click,0,
user_374,2025-01-20 01:01:48,organic_search,conversion,1,5.0
user_811,2025-01-14 10:49:20,direct,click,0,
user_278,2025-01-24 12:33:38,email,click,0,
user_400,2025-01-02 19:39:32,direct,open,0,
user_983,2025-01-01 04:16:05,organic_search,open,0,
user_819,2025-01-07 22:49:04,direct,conversion,1,3.0
user_158,2025-01-11 06:22:31,direct,conversion,1,1.0
user_394,2025-01-04 03:58:32,direct,click,0,
user_906,2025-01-03 17:29:04,organic_search,click,0,
user_696,2025-01-20 21:38:51,organic_search,conversion,1,4.0
user_288,2025-01-16 10:20:58,organic_search,click,0,
user_342,2025-01-04 01:33:34,social_media,click,0,
user_478,2025-01-20 14:29:01,display_ads,conversion,1,5.0
user_435,2025-01-17 18:25:59,social_media,open,0,
user_790,2025-01-04 19:16:05,display_ads,click,0,
user_811,2025-01-16 18:30:44,organic_search,click,0,
user_496,2025-01-01 08:05:07,direct,conversion,1,1.0
user_531,2025-01-01 19:38:30,organic_search,conversion,1,1.0
user_852,2025-01-17 00:32:29,organic_search,open,0,
user_263,2025-01-18 11:00:06,direct,click,0,
user_539,2025-01-02 06:54:43,email,click,0,
user_346,2025-01-07 15:17:48,email,click,0,
user_537,2025-01-14 00:17:30,organic_search,open,0,
user_702,2025-01-15 05:17:31,social_media,click,0,
user_275,2025-01-18 23:42:05,direct,click,0,
user_936,2025-01-24 14:09:07,organic_search,click,0,
user_983,2025-01-01 07:11:36,email,click,0,
user_306,2025-01-07 23:56:29,social_media,open,0,
user_503,2025-01-23 08:50:12,email,click,0,
user_402,2025-01-22 22:34:18,direct,click,0,
user_938,2025-01-14 11:19:22,email,click,0,
user_940,2025-01-05 09:02:58,email,click,0,
user_285,2025-01-04 05:27:36,organic_search,click,0,
user_240,2025-01-04 10:19:27,organic_search,click,0,
user_843,2025-01-11 19:27:40,direct,open,0,
user_355,2025-01-04 02:47:25,organic_search,open,0,
user_381,2025-01-07 19:58:49,display_ads,click,0,
user_564,2025-01-21 11:58:54,display_ads,click,0,
user_303,2025-01-21 12:20:19,organic_search,click,0,
user_500,2025-01-01 19:00:20,email,click,0,
user_436,2025-01-07 15:54:27,display_ads,click,0,
user_904,2025-01-02 16:54:06,organic_search,open,0,
user_412,2025-01-07 18:40:36,social_media,click,0,
user_894,2025-01-23 15:15:42,direct,click,0,
user_2,2025-01-04 02:16:51,direct,click,0,
user_706,2025-01-20 03:52:56,organic_search,click,0,
user_752,2025-01-16 02:36:21,direct,click,0,
user_258,2025-01-01 04:28:42,social_media,click,0,
user_437,2025-01-18 13:36:55,email,open,0,
user_264,2025-01-05 20:42:50,social_media,click,0,
user_702,2025-01-17 11:24:54,email,conversion,1,
user_571,2025-01-24 15:08:17,direct,click,0,
user_362,2025-01-16 01:43:25,direct,open,0,
user_400,2025-01-12 11:09:52,organic_search,click,0,
user_417,2025-01-15 12:52:10,direct,open,0,
user_825,2025-01-11 00:51:14,display_ads,click,0,
user_688,2025-01-04 21:46:04,email,open,0,
user_22,2025-01-11 10:09:41,display_ads,click,0,
user_31,2025-01-18 05:11:13,social_media,click,0,
user_352,2025-01-23 18:36:48,direct,conversion,1,5.0
user_996,2025-01-23 11:00:21,direct,click,0,
user_690,2025-01-19 13:56:33,display_ads,click,0,
user_559,2025-01-23 14:31:19,organic_search,click,0,
user_926,2025-01-17 18:14:40,direct,click,0,
user_590,2025-01-07 13:16:24,email,click,0,
user_800,2025-01-05 10:15:20,display_ads,click,0,
user_903,2025-01-21 04:44:55,organic_search,click,0,
user_623,2025-01-08 11:01:52,email,open,0,
user_509,2025-01-13 10:08:26,direct,click,0,
user_708,2025-01-17 09:24:37,email,click,0,
user_364,2025-01-22 21:21:07,social_media,open,0,
user_880,2025-01-11 17:58:46,social_media,click,0,
user_455,2025-01-12 14:31:20,organic_search,click,0,
user_913,2025-01-22 06:11:57,email,click,0,
user_632,2025-01-04 14:32:57,direct,open,0,
user_651,2025-01-01 16:37:50,direct,click,0,
user_415,2025-01-14 07:55:44,direct,click,0,
user_419,2025-01-22 10:24:58,display_ads,click,0,
user_453,2025-01-04 16:06:14,social_media,conversion,1,4.0
user_940,2025-01-17 05:16:55,display_ads,click,0,
user_70,2025-01-22 23:48:24,display_ads,conversion,1,2.0
user_625,2025-01-17 13:14:41,social_media,click,0,
user_606,2025-01-25 14:04:59,display_ads,open,0,
user_301,2025-01-17 04:31:42,direct,click,0,
user_988,2025-01-25 00:18:38,direct,click,0,
user_632,2025-01-06 00:27:53,direct,click,0,
user_410,2025-01-07 03:19:18,social_media,open,0,
user_103,2025-01-04 16:17:08,display_ads,open,0,
user_17,2025-01-21 18:37:42,organic_search,open,0,
user_563,2025-01-04 09:20:52,email,conversion,1,1.0
user_664,2025-01-07 22:24:38,direct,click,0,
user_989,2025-01-23 05:29:57,organic_search,open,0,
user_232,2025-01-24 18:09:58,social_media,click,0,
user_762,2025-01-04 13:44:17,email,click,0,
user_423,2025-01-01 19:28:08,social_media,open,0,
user_446,2025-01-08 15:02:16,display_ads,click,0,
user_687,2025-01-15 03:32:00,display_ads,click,0,
user_812,2025-01-20 22:29:19,social_media,click,0,
user_542,2025-01-25 12:58:35,organic_search,click,0,
user_268,2025-01-05 13:32:55,organic_search,click,0,
user_523,2025-01-16 19:30:45,organic_search,open,0,
user_411,2025-01-05 06:56:41,display_ads,click,0,
user_338,2025-01-08 06:00:38,direct,click,0,
user_257,2025-01-06 02:33:03,display_ads,open,0,
user_348,2025-01-20 03:28:20,email,click,0,
user_961,2025-01-09 22:19:43,organic_search,click,0,
user_948,2025-01-17 00:48:27,organic_search,open,0,
user_27,2025-01-09 00:37:45,organic_search,conversion,1,
user_951,2025-01-10 03:07:06,organic_search,open,0,
user_176,2025-01-14 11:02:08,email,click,0,
user_51,2025-01-19 23:48:14,display_ads,conversion,1,4.0
user_792,2025-01-03 19:31:15,email,click,0,
user_323,2025-01-24 00:47:53,direct,open,0,
user_751,2025-01-14 13:17:59,organic_search,click,0,
user_459,2025-01-13 22:00:53,direct,open,0,
user_134,2025-01-24 04:26:17,organic_search,click,0,
user_988,2025-01-18 04:26:39,organic_search,click,0,
user_762,2025-01-06 19:47:30,display_ads,click,0,
user_647,2025-01-07 23:11:57,display_ads,open,0,
user_34,2025-01-11 16:10:42,display_ads,click,0,
user_492,2025-01-21 19:19:17,email,click,0,
user_206,2025-01-12 12:14:54,email,click,0,
user_72,2025-01-13 15:45:22,display_ads,click,0,
user_432,2025-01-06 02:10:32,email,click,0,
user_933,2025-01-23 02:15:54,social_media,open,0,
user_247,2025-01-20 11:22:54,direct,open,0,
user_650,2025-01-02 06:03:19,display_ads,click,0,
user_778,2025-01-11 06:31:10,social_media,conversion,1,2.0
user_370,2025-01-02 15:16:36,display_ads,open,0,
user_135,2025-01-21 13:24:22,social_media,open,0,
user_91,2025-01-01 18:05:04,organic_search,conversion,1,2.0
user_802,2025-01-15 14:06:59,social_media,click,0,
user_527,2025-01-23 04:29:04,display_ads,click,0,
user_789,2025-01-14 05:32:19,organic_search,click,0,
user_405,2025-01-12 22:07:10,organic_search,open,0,
user_640,2025-01-01 14:08:39,organic_search,open,0,
user_327,2025-01-18 14:54:53,email,click,0,
user_409,2025-01-16 01:15:04,social_media,open,0,
user_106,2025-01-09 12:38:15,organic_search,open,0,
user_398,2025-01-24 08:12:34,direct,open,0,
user_415,2025-01-02 16:51:55,social_media,click,0,
user_364,2025-01-02 17:25:49,direct,click,0,
user_696,2025-01-07 17:31:22,organic_search,click,0,
user_15,2025-01-25 14:07:06,display_ads,open,0,
user_836,2025-01-14 19:45:33,direct,click,0,
user_395,2025-01-04 05:39:27,direct,click,0,
user_849,2025-01-13 17:01:46,social_media,click,0,
user_27,2025-01-06 04:03:56,display_ads,open,0,
user_593,2025-01-08 22:41:00,display_ads,click,0,
user_679,2025-01-18 10:30:18,direct,open,0,
user_87,2025-01-08 13:22:02,social_media,click,0,
user_184,2025-01-10 05:03:52,display_ads,click,0,
user_226,2025-01-10 22:08:52,email,open,0,
user_381,2025-01-14 08:28:41,display_ads,open,0,
user_496,2025-01-08 12:47:28,social_media,open,0,
user_609,2025-01-01 15:44:29,direct,open,0,
user_820,2025-01-12 17:37:28,organic_search,click,0,
user_487,2025-01-17 16:07:05,organic_search,click,0,
user_856,2025-01-21 08:47:06,display_ads,conversion,1,3.0
user_558,2025-01-25 06:07:32,display_ads,open,0,
user_94,2025-01-18 12:04:14,organic_search,open,0,
user_418,2025-01-14 12:18:09,email,click,0,
user_523,2025-01-04 23:21:09,social_media,click,0,
user_808,2025-01-13 10:41:01,organic_search,open,0,
user_977,2025-01-17 00:12:33,email,click,0,
user_289,2025-01-04 17:34:05,display_ads,click,0,
user_156,2025-01-18 07:52:35,email,open,0,
user_652,2025-01-09 03:12:47,display_ads,click,0,
user_505,2025-01-10 16:58:58,display_ads,click,0,
user_524,2025-01-20 08:22:44,display_ads,open,0,
user_736,2025-01-06 11:29:31,organic_search,open,0,
user_369,2025-01-09 22:18:55,email,conversion,1,4.0
user_553,2025-01-04 05:12:28,display_ads,open,0,
user_566,2025-01-23 00:50:56,organic_search,open,0,
user_929,2025-01-24 07:16:14,organic_search,click,0,
user_324,2025-01-04 08:13:05,email,open,0,
user_713,2025-01-17 00:19:05,social_media,conversion,1,
user_674,2025-01-16 03:40:25,organic_search,click,0,
user_329,2025-01-23 00:19:36,direct,open,0,
user_188,2025-01-21 23:12:19,display_ads,click,0,
user_931,2025-01-05 17:07:17,email,click,0,
user_201,2025-01-15 14:32:16,display_ads,click,0,
user_565,2025-01-06 23:01:08,social_media,conversion,1,1.0
user_507,2025-01-22 08:24:21,organic_search,open,0,
user_333,2025-01-23 12:00:15,organic_search,conversion,1,2.0
user_757,2025-01-16 09:40:19,direct,conversion,1,3.0
user_840,2025-01-17 01:13:42,organic_search,click,0,
user_311,2025-01-13 12:02:46,direct,click,0,
user_219,2025-01-16 00:51:19,display_ads,click,0,
user_772,2025-01-18 21:38:49,display_ads,open,0,
user_467,2025-01-25 19:56:22,display_ads,click,0,
user_643,2025-01-22 08:28:01,social_media,open,0,
user_847,2025-01-23 16:05:29,email,click,0,
user_383,2025-01-12 01:59:46,direct,open,0,
user_897,2025-01-13 06:06:49,organic_search,open,0,
user_481,2025-01-04 13:53:38,social_media,open,0,
user_228,2025-01-17 13:19:24,email,click,0,
user_780,2025-01-18 15:17:40,direct,conversion,1,
user_44,2025-01-23 15:36:44,email,conversion,1,3.0
user_462,2025-01-04 02:18:49,display_ads,click,0,
user_602,2025-01-21 17:24:54,display_ads,click,0,
user_169,2025-01-01 12:40:37,social_media,click,0,
user_222,2025-01-17 13:30:02,direct,click,0,
user_292,2025-01-08 19:09:44,email,click,0,
user_591,2025-01-04 06:17:31,social_media,open,0,
user_880,2025-01-24 08:07:03,display_ads,click,0,
user_104,2025-01-17 16:00:25,display_ads,open,0,
user_227,2025-01-19 07:19:22,display_ads,click,0,
user_170,2025-01-14 06:39:30,social_media,open,0,
user_736,2025-01-19 11:22:08,direct,click,0,
user_237,2025-01-22 13:51:23,direct,open,0,
user_677,2025-01-20 05:32:59,direct,conversion,1,1.0
user_839,2025-01-18 23:38:57,display_ads,conversion,1,
user_377,2025-01-11 19:48:12,organic_search,conversion,1,2.0
user_376,2025-01-19 22:35:42,organic_search,open,0,
user_868,2025-01-14 17:25:17,social_media,click,0,
user_473,2025-01-25 03:55:19,display_ads,click,0,
user_521,2025-01-14 10:42:46,organic_search,click,0,
user_571,2025-01-05 14:17:34,organic_search,click,0,
user_909,2025-01-11 17:09:38,organic_search,open,0,
user_512,2025-01-20 15:43:55,direct,open,0,
user_708,2025-01-15 01:27:00,display_ads,click,0,
user_660,2025-01-13 21:06:26,social_media,click,0,
user_609,2025-01-14 20:39:12,organic_search,conversion,1,2.0
user_870,2025-01-22 07:28:51,social_media,click,0,
user_378,2025-01-12 05:10:56,organic_search,click,0,
user_709,2025-01-22 02:44:33,email,open,0,
user_814,2025-01-14 19:38:06,direct,conversion,1,2.0
user_944,2025-01-21 23:11:24,display_ads,open,0,
user_868,2025-01-20 02:52:46,organic_search,click,0,
user_776,2025-01-23 04:15:33,direct,click,0,
user_340,2025-01-14 03:56:56,email,click,0,
user_379,2025-01-18 01:09:09,direct,click,0,
user_732,2025-01-04 03:17:49,social_media,click,0,
user_940,2025-01-11 05:58:59,organic_search,click,0,
user_436,2025-01-25 18:35:18,social_media,open,0,
user_12,2025-01-25 15:27:49,organic_search,click,0,
user_477,2025-01-12 10:32:46,display_ads,conversion,1,1.0
user_861,2025-01-04 01:40:49,organic_search,conversion,1,2.0
user_15,2025-01-15 09:25:40,display_ads,open,0,
user_656,2025-01-20 05:28:53,organic_search,open,0,
user_70,2025-01-16 02:40:17,organic_search,open,0,
user_89,2025-01-12 14:11:43,email,click,0,
user_240,2025-01-10 20:12:54,email,click,0,
user_607,2025-01-15 01:38:32,social_media,click,0,
user_598,2025-01-19 16:44:53,organic_search,open,0,
user_320,2025-01-23 21:32:48,organic_search,click,0,
user_626,2025-01-21 02:53:24,organic_search,conversion,1,
user_797,2025-01-22 23:54:45,social_media,open,0,
user_842,2025-01-16 13:15:25,display_ads,open,0,
user_25,2025-01-17 11:58:21,social_media,click,0,
user_575,2025-01-24 22:48:08,organic_search,open,0,
user_907,2025-01-02 14:36:09,social_media,click,0,
user_331,2025-01-24 02:14:37,direct,click,0,
user_679,2025-01-14 01:44:04,direct,click,0,
user_820,2025-01-07 09:35:21,email,click,0,
user_578,2025-01-03 07:18:01,email,click,0,
user_58,2025-01-08 07:00:29,display_ads,click,0,
user_545,2025-01-23 03:25:56,display_ads,open,0,
user_518,2025-01-24 22:24:46,organic_search,click,0,
user_804,2025-01-08 14:03:20,email,click,0,
user_6,2025-01-05 01:25:40,email,click,0,
user_322,2025-01-07 03:54:32,social_media,conversion,1,2.0
user_891,2025-01-16 01:37:14,email,open,0,
user_872,2025-01-15 19:15:48,organic_search,click,0,
user_943,2025-01-17 13:44:20,email,click,0,
user_107,2025-01-15 11:12:12,organic_search,click,0,
user_131,2025-01-01 12:23:08,social_media,conversion,1,
user_514,2025-01-06 05:51:37,organic_search,open,0,
user_229,2025-01-04 04:22:29,organic_search,click,0,
user_820,2025-01-14 07:43:38,social_media,click,0,
user_912,2025-01-06 01:09:41,display_ads,open,0,
user_529,2025-01-19 02:14:48,organic_search,open,0,
user_760,2025-01-03 22:43:11,social_media,click,0,
user_562,2025-01-24 12:00:00,direct,click,0,
user_831,2025-01-02 17:50:21,organic_search,open,0,
user_921,2025-01-05 04:44:17,email,conversion,1,3.0
user_644,2025-01-08 05:29:52,email,open,0,
user_63,2025-01-20 02:11:45,social_media,open,0,
user_711,2025-01-05 13:34:56,email,open,0,
user_276,2025-01-20 04:55:18,organic_search,click,0,
user_360,2025-01-10 08:20:58,direct,open,0,
user_423,2025-01-13 11:20:28,organic_search,open,0,
user_5,2025-01-21 12:00:29,social_media,click,0,
user_660,2025-01-10 09:39:46,organic_search,open,0,
user_390,2025-01-14 09:49:48,social_media,click,0,
user_612,2025-01-04 11:45:25,direct,click,0,
user_17,2025-01-07 06:35:18,organic_search,click,0,
user_45,2025-01-03 04:21:47,organic_search,open,0,
user_770,2025-01-03 14:35:44,organic_search,click,0,
user_997,2025-01-22 08:33:10,email,click,0,
user_823,2025-01-08 14:06:51,direct,open,0,
user_763,2025-01-10 11:56:13,direct,click,0,
user_532,2025-01-03 01:42:20,display_ads,click,0,
user_8,2025-01-15 22:06:32,organic_search,click,0,
user_941,2025-01-04 03:06:29,display_ads,click,0,
user_9,2025-01-10 11:08:00,social_media,click,0,
user_359,2025-01-24 16:07:56,email,click,0,
user_316,2025-01-07 13:51:27,social_media,click,0,
user_71,2025-01-15 14:32:55,direct,click,0,
user_824,2025-01-06 21:14:18,social_media,click,0,
user_491,2025-01-21 11:12:55,social_media,click,0,
user_590,2025-01-16 10:51:29,display_ads,click,0,
user_8,2025-01-22 05:20:25,organic_search,open,0,
user_754,2025-01-19 16:30:20,social_media,open,0,
user_376,2025-01-14 02:19:53,organic_search,conversion,1,4.0
user_47,2025-01-22 09:27:13,organic_search,open,0,
user_561,2025-01-04 01:34:07,social_media,open,0,
user_561,2025-01-10 18:07:06,display_ads,open,0,
user_208,2025-01-20 04:43:50,social_media,open,0,
user_815,2025-01-08 23:59:31,email,open,0,
user_583,2025-01-01 18:35:17,display_ads,open,0,
user_27,2025-01-11 06:20:23,display_ads,click,0,
user_116,2025-01-13 06:19:24,display_ads,open,0,
user_207,2025-01-07 07:05:15,email,conversion,1,1.0
user_73,2025-01-16 14:57:29,social_media,click,0,
user_525,2025-01-07 23:46:35,display_ads,open,0,
user_37,2025-01-20 11:44:01,email,click,0,
user_592,2025-01-15 11:11:41,organic_search,click,0,
user_807,2025-01-23 16:46:34,direct,click,0,
user_718,2025-01-17 18:01:33,display_ads,open,0,
user_170,2025-01-16 23:11:08,social_media,click,0,
user_427,2025-01-05 03:14:02,social_media,open,0,
user_1000,2025-01-15 14:41:58,direct,click,0,
user_138,2025-01-16 19:13:58,display_ads,open,0,
user_359,2025-01-02 05:35:07,direct,click,0,
user_497,2025-01-02 15:50:23,display_ads,open,0,
user_770,2025-01-15 18:54:29,direct,click,0,
user_928,2025-01-12 11:55:23,organic_search,click,0,
user_406,2025-01-02 20:30:42,direct,click,0,
user_390,2025-01-17 22:31:01,display_ads,click,0,
user_274,2025-01-13 10:02:56,organic_search,click,0,
user_330,2025-01-11 07:47:08,organic_search,click,0,
user_681,2025-01-05 00:41:01,direct,click,0,
user_31,2025-01-21 03:08:21,direct,click,0,
user_654,2025-01-13 01:51:32,social_media,click,0,
user_585,2025-01-06 09:17:23,social_media,open,0,
user_194,2025-01-25 14:17:41,email,click,0,
user_725,2025-01-01 19:01:34,organic_search,open,0,
user_367,2025-01-05 16:32:30,direct,click,0,
user_359,2025-01-05 07:26:31,email,open,0,
user_109,2025-01-03 22:02:38,direct,open,0,
user_794,2025-01-08 20:54:57,email,conversion,1,2.0
user_458,2025-01-24 11:37:24,direct,click,0,
user_246,2025-01-23 14:07:17,display_ads,open,0,
user_772,2025-01-12 09:44:48,social_media,conversion,1,4.0
user_988,2025-01-05 13:57:25,direct,click,0,
user_654,2025-01-09 04:36:42,display_ads,click,0,
user_289,2025-01-18 11:50:07,organic_search,open,0,
user_33,2025-01-25 15:21:01,social_media,open,0,
user_896,2025-01-16 11:20:00,display_ads,open,0,
user_417,2025-01-07 02:17:00,organic_search,click,0,
user_984,2025-01-25 04:06:19,organic_search,click,0,
user_479,2025-01-10 17:47:58,organic_search,conversion,1,2.0
user_288,2025-01-10 05:40:09,display_ads,click,0,
user_589,2025-01-03 08:27:47,organic_search,open,0,
user_860,2025-01-09 07:35:09,organic_search,open,0,
user_485,2025-01-24 01:26:59,social_media,conversion,1,2.0
user_565,2025-01-10 18:59:23,direct,click,0,
user_840,2025-01-13 05:16:50,organic_search,click,0,
user_587,2025-01-13 22:25:42,organic_search,click,0,
user_961,2025-01-08 10:52:30,social_media,click,0,
user_909,2025-01-16 07:51:39,display_ads,click,0,
user_551,2025-01-03 11:06:55,direct,conversion,1,3.0
user_940,2025-01-17 09:30:33,social_media,open,0,
user_864,2025-01-04 03:02:58,social_media,click,0,
user_96,2025-01-09 16:14:06,email,click,0,
user_922,2025-01-10 02:33:21,email,open,0,
user_511,2025-01-04 14:44:33,email,click,0,
user_6,2025-01-15 19:46:08,direct,click,0,
user_719,2025-01-23 03:31:57,social_media,open,0,
user_952,2025-01-01 06:51:50,display_ads,open,0,
user_772,2025-01-22 10:16:53,email,click,0,
user_293,2025-01-04 07:24:02,social_media,click,0,
user_914,2025-01-22 16:36:15,social_media,click,0,
user_344,2025-01-17 05:09:59,social_media,open,0,
user_480,2025-01-02 02:05:32,organic_search,click,0,
user_521,2025-01-20 15:03:35,social_media,open,0,
user_302,2025-01-23 20:20:22,display_ads,open,0,
user_593,2025-01-11 08:11:23,display_ads,open,0,
user_82,2025-01-15 13:56:53,direct,click,0,
user_455,2025-01-14 04:31:42,direct,click,0,
user_839,2025-01-02 22:16:54,display_ads,click,0,
user_31,2025-01-02 17:01:22,social_media,open,0,
user_73,2025-01-24 22:26:27,display_ads,open,0,
user_166,2025-01-12 21:50:51,organic_search,open,0,
user_494,2025-01-19 02:13:42,email,open,0,
user_968,2025-01-21 02:00:51,organic_search,open,0,
user_573,2025-01-06 02:50:46,organic_search,open,0,
user_349,2025-01-03 22:20:17,social_media,open,0,
user_566,2025-01-09 23:50:12,email,open,0,
user_212,2025-01-06 17:28:52,social_media,click,0,
user_192,2025-01-19 13:59:03,social_media,click,0,
user_729,2025-01-14 02:40:08,email,open,0,
user_486,2025-01-06 22:40:42,direct,open,0,
user_532,2025-01-22 07:55:32,organic_search,open,0,
user_72,2025-01-08 02:14:57,display_ads,click,0,
user_589,2025-01-12 11:38:57,organic_search,click,0,
user_467,2025-01-03 03:51:19,direct,conversion,1,5.0
user_349,2025-01-08 16:23:44,organic_search,open,0,
user_286,2025-01-01 08:18:41,email,open,0,
user_161,2025-01-16 15:46:35,social_media,open,0,
user_500,2025-01-05 13:11:36,organic_search,open,0,
user_350,2025-01-07 01:52:34,email,click,0,
user_225,2025-01-12 05:53:53,social_media,click,0,
user_859,2025-01-04 14:25:29,organic_search,conversion,1,4.0
user_40,2025-01-02 23:29:18,social_media,open,0,
user_701,2025-01-03 16:35:31,display_ads,conversion,1,5.0
user_253,2025-01-09 12:20:59,organic_search,open,0,
user_399,2025-01-09 20:25:03,email,click,0,
user_39,2025-01-03 17:36:33,email,open,0,
user_297,2025-01-06 22:38:16,display_ads,click,0,
user_76,2025-01-22 02:11:12,social_media,conversion,1,4.0
user_896,2025-01-09 11:08:23,email,click,0,
user_300,2025-01-11 09:17:12,email,open,0,
user_842,2025-01-17 23:44:38,social_media,open,0,
user_91,2025-01-21 23:20:29,display_ads,open,0,
user_487,2025-01-05 22:08:13,display_ads,click,0,
user_479,2025-01-09 09:33:47,organic_search,click,0,
user_441,2025-01-13 09:21:32,organic_search,conversion,1,3.0
user_489,2025-01-18 04:52:25,organic_search,open,0,
user_408,2025-01-15 14:30:19,organic_search,open,0,
user_715,2025-01-05 14:26:57,display_ads,open,0,
user_768,2025-01-15 00:35:17,email,open,0,
user_529,2025-01-20 18:18:27,social_media,open,0,
user_853,2025-01-08 21:43:55,email,open,0,
user_162,2025-01-16 12:55:51,social_media,click,0,
user_798,2025-01-25 07:00:25,direct,open,0,
user_840,2025-01-03 01:20:46,display_ads,open,0,
user_499,2025-01-24 00:02:29,email,click,0,
user_859,2025-01-02 10:36:54,display_ads,conversion,1,3.0
user_742,2025-01-15 08:10:13,social_media,click,0,
user_293,2025-01-25 17:12:36,social_media,open,0,
user_967,2025-01-15 10:39:39,social_media,click,0,
user_228,2025-01-02 08:32:27,social_media,conversion,1,
user_609,2025-01-14 19:40:19,display_ads,click,0,
user_548,2025-01-19 09:21:09,social_media,open,0,
user_929,2025-01-20 11:59:11,social_media,open,0,
user_559,2025-01-12 13:38:56,email,click,0,
user_713,2025-01-03 04:00:04,display_ads,click,0,
user_134,2025-01-15 10:18:09,social_media,open,0,
user_658,2025-01-17 15:51:55,direct,click,0,
user_154,2025-01-07 17:08:25,direct,click,0,
user_471,2025-01-03 23:15:39,organic_search,open,0,
user_729,2025-01-13 02:34:30,social_media,open,0,
user_134,2025-01-01 01:34:20,organic_search,click,0,
user_832,2025-01-17 08:57:18,email,open,0,
user_770,2025-01-09 06:36:56,direct,conversion,1,3.0
user_190,2025-01-24 18:46:10,email,open,0,
user_843,2025-01-16 10:43:29,social_media,click,0,
user_250,2025-01-24 12:52:18,display_ads,open,0,
user_448,2025-01-20 22:30:11,organic_search,open,0,
user_154,2025-01-07 23:12:24,display_ads,open,0,
user_134,2025-01-02 18:35:07,organic_search,open,0,
user_676,2025-01-03 16:56:52,email,click,0,
user_25,2025-01-01 05:32:08,social_media,click,0,
user_60,2025-01-03 20:51:38,organic_search,conversion,1,5.0
user_983,2025-01-07 20:47:48,display_ads,click,0,
user_546,2025-01-23 16:35:43,display_ads,click,0,
user_397,2025-01-05 17:07:15,email,click,0,
user_15,2025-01-22 09:39:57,social_media,conversion,1,3.0
user_305,2025-01-08 12:16:15,organic_search,open,0,
user_992,2025-01-19 22:23:57,organic_search,open,0,
user_210,2025-01-17 09:56:27,social_media,open,0,
user_249,2025-01-04 22:05:25,direct,open,0,
user_570,2025-01-22 10:21:19,organic_search,click,0,
user_822,2025-01-15 02:03:14,organic_search,open,0,
user_190,2025-01-09 14:56:09,organic_search,click,0,
user_866,2025-01-17 20:36:30,direct,click,0,
user_117,2025-01-24 08:23:08,organic_search,open,0,
user_758,2025-01-06 00:34:34,social_media,open,0,
user_340,2025-01-19 05:00:10,organic_search,click,0,
user_84,2025-01-09 09:02:15,email,click,0,
user_707,2025-01-06 06:48:47,direct,open,0,
user_399,2025-01-24 01:01:21,social_media,open,0,
user_244,2025-01-15 07:16:06,email,open,0,
user_442,2025-01-12 06:09:06,social_media,click,0,
user_505,2025-01-06 06:04:21,display_ads,open,0,
user_815,2025-01-06 12:12:32,direct,open,0,
user_11,2025-01-23 01:59:18,display_ads,open,0,
user_598,2025-01-23 18:02:45,social_media,open,0,
user_32,2025-01-08 05:38:43,display_ads,click,0,
user_905,2025-01-20 16:25:39,display_ads,conversion,1,
user_670,2025-01-23 20:30:27,organic_search,click,0,
user_859,2025-01-20 14:20:25,email,click,0,
user_465,2025-01-09 05:03:31,email,click,0,
user_597,2025-01-05 05:47:34,email,click,0,
user_886,2025-01-08 09:34:16,email,open,0,
user_881,2025-01-02 01:21:44,organic_search,click,0,
user_489,2025-01-02 19:22:24,direct,open,0,
user_954,2025-01-05 14:36:34,direct,open,0,
user_327,2025-01-16 18:23:48,direct,open,0,
user_344,2025-01-23 04:07:57,direct,click,0,
user_556,2025-01-06 16:52:12,display_ads,open,0,
user_842,2025-01-05 10:00:00,display_ads,click,0,
user_293,2025-01-11 23:31:31,social_media,open,0,
user_659,2025-01-10 06:34:56,direct,open,0,
user_229,2025-01-13 11:06:33,display_ads,click,0,
user_737,2025-01-10 09:51:21,social_media,conversion,1,2.0
user_347,2025-01-13 16:20:50,email,conversion,1,5.0
user_661,2025-01-05 22:57:28,organic_search,open,0,
user_985,2025-01-20 23:31:36,email,open,0,
user_158,2025-01-17 21:14:18,direct,click,0,
user_875,2025-01-23 14:43:36,social_media,open,0,
user_266,2025-01-17 08:27:14,social_media,click,0,
user_628,2025-01-15 20:31:26,direct,click,0,
user_211,2025-01-20 02:00:52,social_media,open,0,
user_224,2025-01-24 01:02:37,organic_search,click,0,
user_917,2025-01-17 23:04:18,email,open,0,
user_980,2025-01-10 13:07:22,organic_search,click,0,
user_614,2025-01-21 02:37:56,direct,open,0,
user_124,2025-01-15 23:09:04,direct,open,0,
user_804,2025-01-10 01:59:37,organic_search,conversion,1,3.0
user_321,2025-01-17 21:03:57,display_ads,click,0,
user_660,2025-01-21 06:37:50,organic_search,open,0,
user_952,2025-01-13 15:24:28,organic_search,click,0,
user_675,2025-01-07 16:23:09,organic_search,open,0,
user_189,2025-01-02 02:30:17,email,click,0,
user_31,2025-01-15 23:03:59,display_ads,click,0,
user_916,2025-01-20 17:33:03,organic_search,open,0,
user_72,2025-01-11 04:22:23,email,open,0,
user_629,2025-01-01 15:38:29,display_ads,open,0,
user_153,2025-01-01 08:03:36,display_ads,click,0,
user_962,2025-01-09 19:41:29,social_media,click,0,
user_917,2025-01-23 05:46:40,display_ads,click,0,
user_645,2025-01-22 00:16:49,social_media,conversion,1,5.0
user_638,2025-01-15 23:49:05,organic_search,click,0,
user_152,2025-01-25 15:53:57,direct,click,0,
user_529,2025-01-10 15:15:14,email,click,0,
user_749,2025-01-25 18:03:14,email,click,0,
user_603,2025-01-13 02:57:26,display_ads,click,0,
user_945,2025-01-17 02:13:32,social_media,open,0,
user_538,2025-01-05 20:24:38,social_media,click,0,
user_868,2025-01-06 21:25:18,organic_search,open,0,
user_467,2025-01-05 22:22:46,organic_search,open,0,
user_834,2025-01-09 11:16:11,display_ads,open,0,
user_234,2025-01-13 18:24:27,display_ads,click,0,
user_798,2025-01-06 06:37:14,social_media,click,0,
user_485,2025-01-20 20:43:55,direct,click,0,
user_276,2025-01-12 01:47:50,organic_search,open,0,
user_530,2025-01-20 04:34:36,organic_search,click,0,
user_537,2025-01-02 22:51:23,display_ads,open,0,
user_790,2025-01-10 23:56:43,organic_search,click,0,
user_672,2025-01-12 12:12:26,social_media,click,0,
user_930,2025-01-17 18:42:14,direct,open,0,
user_674,2025-01-15 19:11:59,social_media,conversion,1,3.0
user_999,2025-01-23 09:26:36,email,open,0,
user_307,2025-01-07 21:11:02,direct,click,0,
user_992,2025-01-13 23:30:23,email,open,0,
user_775,2025-01-25 14:01:01,email,open,0,
user_516,2025-01-06 00:40:46,social_media,open,0,
user_632,2025-01-25 00:11:38,email,click,0,
user_873,2025-01-21 06:37:55,direct,click,0,
user_786,2025-01-08 20:47:18,display_ads,click,0,
user_644,2025-01-04 01:42:27,social_media,click,0,
user_7,2025-01-19 14:45:22,social_media,click,0,
user_724,2025-01-07 03:21:26,organic_search,open,0,
user_196,2025-01-23 09:07:30,email,click,0,
user_525,2025-01-21 03:36:49,display_ads,click,0,
user_677,2025-01-14 13:38:59,display_ads,click,0,
user_950,2025-01-19 02:08:58,email,click,0,
user_812,2025-01-03 20:08:43,email,click,0,
user_565,2025-01-16 12:36:27,direct,open,0,
user_747,2025-01-22 11:04:30,direct,click,0,
user_351,2025-01-11 04:08:05,email,open,0,
user_615,2025-01-19 08:08:03,organic_search,click,0,
user_957,2025-01-03 08:36:42,social_media,open,0,
user_169,2025-01-24 06:32:04,display_ads,click,0,
user_365,2025-01-25 18:23:55,social_media,open,0,
user_483,2025-01-19 03:45:24,organic_search,click,0,
user_973,2025-01-19 23:18:24,display_ads,click,0,
user_143,2025-01-12 04:03:27,organic_search,open,0,
user_643,2025-01-08 05:29:25,social_media,open,0,
user_111,2025-01-23 05:43:05,social_media,conversion,1,3.0
user_372,2025-01-09 05:30:51,direct,click,0,
user_434,2025-01-09 03:39:50,direct,open,0,
user_244,2025-01-18 10:42:21,direct,click,0,
user_220,2025-01-23 11:52:54,display_ads,click,0,
user_685,2025-01-14 22:34:46,social_media,click,0,
user_953,2025-01-17 14:59:54,social_media,open,0,
user_117,2025-01-19 10:50:45,display_ads,click,0,
user_623,2025-01-25 19:02:49,direct,click,0,
user_842,2025-01-22 05:06:34,email,open,0,
user_204,2025-01-23 14:27:12,display_ads,click,0,
user_697,2025-01-09 14:53:57,email,click,0,
user_779,2025-01-19 17:23:18,email,click,0,
user_444,2025-01-16 05:21:15,organic_search,open,0,
user_462,2025-01-10 16:15:42,email,click,0,
user_891,2025-01-02 08:01:16,display_ads,conversion,1,
user_489,2025-01-07 08:24:07,email,click,0,
user_983,2025-01-02 23:58:50,direct,click,0,
user_625,2025-01-03 16:01:48,email,click,0,
user_728,2025-01-10 22:02:59,organic_search,click,0,
user_692,2025-01-21 20:55:51,direct,click,0,
user_129,2025-01-08 22:50:42,direct,open,0,
user_380,2025-01-19 12:41:07,organic_search,conversion,1,4.0
user_474,2025-01-01 12:50:48,email,open,0,
user_690,2025-01-21 13:17:33,organic_search,open,0,
user_356,2025-01-14 16:15:53,display_ads,click,0,
user_710,2025-01-09 19:13:09,organic_search,click,0,
user_502,2025-01-02 13:08:34,social_media,click,0,
user_214,2025-01-01 16:54:39,social_media,open,0,
user_80,2025-01-24 12:10:27,social_media,click,0,
user_714,2025-01-07 06:49:36,email,click,0,
user_973,2025-01-09 17:59:32,display_ads,open,0,
user_396,2025-01-23 04:54:20,direct,open,0,
user_468,2025-01-25 16:45:02,email,open,0,
user_635,2025-01-15 13:15:54,direct,open,0,
user_842,2025-01-21 06:36:07,display_ads,click,0,
user_711,2025-01-04 20:39:44,organic_search,open,0,
user_379,2025-01-21 03:40:44,display_ads,click,0,
user_529,2025-01-12 03:59:03,organic_search,click,0,
user_992,2025-01-09 17:24:21,email,open,0,
user_456,2025-01-03 16:09:03,display_ads,click,0,
user_598,2025-01-17 11:59:51,direct,click,0,
user_714,2025-01-23 03:33:55,direct,open,0,
user_445,2025-01-04 05:18:39,social_media,click,0,
user_672,2025-01-14 18:47:40,direct,click,0,
user_859,2025-01-24 12:09:42,organic_search,click,0,
user_625,2025-01-08 05:43:35,display_ads,open,0,
user_947,2025-01-24 02:40:10,organic_search,click,0,
user_632,2025-01-17 14:26:13,organic_search,open,0,
user_482,2025-01-21 08:24:40,social_media,click,0,
user_462,2025-01-25 19:01:33,display_ads,open,0,
user_522,2025-01-25 12:44:29,display_ads,conversion,1,5.0
user_430,2025-01-08 12:30:55,direct,click,0,
user_47,2025-01-16 13:45:08,organic_search,open,0,
user_24,2025-01-10 05:49:29,direct,conversion,1,5.0
user_42,2025-01-24 03:37:31,direct,click,0,
user_556,2025-01-23 20:10:18,direct,open,0,
user_175,2025-01-22 22:51:07,direct,click,0,
user_432,2025-01-10 16:55:30,social_media,click,0,
user_186,2025-01-25 14:40:40,direct,open,0,
user_205,2025-01-23 12:49:33,display_ads,click,0,
user_361,2025-01-10 15:49:10,direct,conversion,1,1.0
user_94,2025-01-12 14:49:03,email,open,0,
user_692,2025-01-13 18:57:50,display_ads,open,0,
user_614,2025-01-14 00:53:09,organic_search,open,0,
user_115,2025-01-04 10:27:14,display_ads,click,0,
user_88,2025-01-14 12:49:36,social_media,open,0,
user_394,2025-01-16 14:01:27,social_media,click,0,
user_16,2025-01-03 15:47:08,social_media,click,0,
user_257,2025-01-15 04:55:48,display_ads,open,0,
user_385,2025-01-12 23:32:32,direct,click,0,
user_85,2025-01-10 15:52:14,email,click,0,
user_552,2025-01-14 03:34:15,email,open,0,
user_755,2025-01-16 10:22:00,email,open,0,
user_581,2025-01-01 15:16:47,social_media,open,0,
user_871,2025-01-01 23:27:13,direct,open,0,
user_479,2025-01-23 19:27:05,display_ads,click,0,
user_987,2025-01-15 04:51:50,social_media,click,0,
user_301,2025-01-12 22:33:52,social_media,click,0,
user_362,2025-01-05 16:19:27,direct,open,0,
user_532,2025-01-17 14:01:41,email,click,0,
user_531,2025-01-05 23:53:57,display_ads,click,0,
user_313,2025-01-19 07:23:48,social_media,open,0,
user_900,2025-01-01 02:22:00,email,click,0,
user_650,2025-01-23 01:10:02,direct,click,0,
user_771,2025-01-19 17:07:28,email,click,0,
user_457,2025-01-15 22:46:14,organic_search,open,0,
user_43,2025-01-13 19:27:51,social_media,click,0,
user_679,2025-01-06 00:03:55,organic_search,click,0,
user_481,2025-01-06 23:51:43,social_media,open,0,
user_16,2025-01-12 06:05:22,email,click,0,
user_251,2025-01-04 03:51:03,social_media,conversion,1,2.0
user_374,2025-01-12 13:40:34,social_media,open,0,
user_483,2025-01-14 21:41:33,organic_search,click,0,
user_427,2025-01-13 22:34:44,organic_search,conversion,1,5.0
user_529,2025-01-24 10:45:23,social_media,click,0,
user_650,2025-01-21 10:46:43,social_media,click,0,
user_221,2025-01-21 09:57:18,organic_search,click,0,
user_473,2025-01-02 00:20:10,social_media,open,0,
user_38,2025-01-24 11:03:43,direct,click,0,
user_614,2025-01-20 02:52:26,organic_search,open,0,
user_643,2025-01-19 11:57:32,organic_search,click,0,
user_210,2025-01-13 17:03:30,organic_search,open,0,
user_727,2025-01-24 16:21:16,display_ads,click,0,
user_888,2025-01-16 00:49:29,direct,conversion,1,3.0
user_410,2025-01-25 15:21:16,display_ads,open,0,
user_907,2025-01-19 03:36:39,direct,click,0,
user_604,2025-01-19 15:59:13,organic_search,click,0,
user_187,2025-01-09 09:40:25,social_media,open,0,
user_849,2025-01-19 16:48:13,email,open,0,
user_519,2025-01-24 18:34:18,direct,open,0,
user_305,2025-01-19 23:30:09,organic_search,open,0,
user_925,2025-01-21 22:20:06,social_media,click,0,
user_746,2025-01-15 09:09:34,organic_search,open,0,
user_389,2025-01-22 20:19:36,display_ads,click,0,
user_624,2025-01-08 02:47:09,social_media,open,0,
user_24,2025-01-04 10:07:33,direct,open,0,
user_185,2025-01-18 12:06:06,social_media,open,0,
user_527,2025-01-23 07:24:26,direct,open,0,
user_19,2025-01-15 14:30:20,organic_search,click,0,
user_805,2025-01-21 20:51:47,email,open,0,
user_274,2025-01-24 21:39:12,social_media,open,0,
user_892,2025-01-05 01:59:54,direct,open,0,
user_690,2025-01-03 17:46:17,email,click,0,
user_803,2025-01-08 11:04:31,social_media,click,0,
user_189,2025-01-17 15:14:23,direct,click,0,
user_730,2025-01-04 03:39:16,social_media,click,0,
user_145,2025-01-24 11:58:00,social_media,click,0,
user_776,2025-01-20 01:36:07,display_ads,conversion,1,2.0
user_950,2025-01-25 07:23:02,organic_search,click,0,
user_183,2025-01-10 00:10:35,display_ads,open,0,
user_769,2025-01-17 09:49:12,social_media,click,0,
user_675,2025-01-03 03:44:38,social_media,click,0,
user_772,2025-01-18 12:03:23,organic_search,open,0,
user_488,2025-01-13 04:58:19,organic_search,open,0,
user_244,2025-01-12 12:08:11,organic_search,click,0,
user_257,2025-01-25 13:59:55,email,open,0,
user_661,2025-01-20 21:16:46,organic_search,open,0,
user_415,2025-01-25 10:58:06,display_ads,click,0,
user_388,2025-01-20 06:47:11,email,click,0,
user_233,2025-01-18 04:54:21,email,conversion,1,4.0
user_999,2025-01-21 06:09:30,email,click,0,
user_120,2025-01-13 12:24:28,direct,click,0,
user_868,2025-01-07 21:19:17,direct,click,0,
user_359,2025-01-16 18:36:54,email,click,0,
user_992,2025-01-15 19:42:12,display_ads,click,0,
user_838,2025-01-06 02:05:57,email,open,0,
user_690,2025-01-09 06:22:57,display_ads,open,0,
user_697,2025-01-13 19:52:12,social_media,open,0,
user_304,2025-01-17 08:19:41,email,click,0,
user_306,2025-01-19 17:05:38,organic_search,click,0,
user_467,2025-01-08 16:15:03,email,click,0,
user_522,2025-01-15 23:43:00,organic_search,click,0,
user_223,2025-01-05 21:47:54,organic_search,click,0,
user_813,2025-01-16 10:13:50,email,click,0,
user_856,2025-01-22 06:23:22,social_media,click,0,
user_764,2025-01-10 23:34:15,email,open,0,
user_228,2025-01-09 21:09:19,social_media,open,0,
user_488,2025-01-07 20:25:30,social_media,click,0,
user_1000,2025-01-19 01:11:29,organic_search,click,0,
user_577,2025-01-04 14:09:56,direct,click,0,
user_173,2025-01-21 17:32:00,display_ads,conversion,1,5.0
user_772,2025-01-01 01:41:24,display_ads,click,0,
user_268,2025-01-13 16:52:39,email,click,0,
user_290,2025-01-24 08:06:35,email,click,0,
user_556,2025-01-12 17:13:57,display_ads,click,0,
user_177,2025-01-04 17:05:23,social_media,open,0,
user_288,2025-01-09 21:28:15,direct,click,0,
user_958,2025-01-10 04:07:57,organic_search,open,0,
user_115,2025-01-19 19:43:34,direct,open,0,
user_707,2025-01-02 06:08:05,direct,open,0,
user_640,2025-01-06 22:47:20,direct,conversion,1,3.0
user_477,2025-01-02 03:45:30,organic_search,click,0,
user_315,2025-01-17 22:44:08,email,click,0,
user_490,2025-01-05 03:40:06,email,open,0,
user_559,2025-01-24 12:46:35,organic_search,click,0,
user_121,2025-01-12 03:09:47,email,click,0,
user_195,2025-01-11 02:44:34,direct,open,0,
user_778,2025-01-11 16:03:23,organic_search,open,0,
user_448,2025-01-06 08:17:00,organic_search,click,0,
user_86,2025-01-16 13:13:52,direct,open,0,
user_372,2025-01-12 19:00:20,direct,click,0,
user_417,2025-01-17 10:41:35,display_ads,click,0,
user_334,2025-01-14 05:48:58,organic_search,click,0,
user_466,2025-01-12 12:42:23,display_ads,click,0,
user_645,2025-01-08 22:26:36,social_media,open,0,
user_873,2025-01-13 01:19:08,email,click,0,
user_611,2025-01-12 21:08:48,social_media,click,0,
user_29,2025-01-22 02:32:43,email,click,0,
user_728,2025-01-25 20:21:19,social_media,open,0,
user_816,2025-01-24 20:15:46,social_media,click,0,
user_991,2025-01-13 09:10:48,organic_search,click,0,
user_950,2025-01-19 12:34:44,social_media,open,0,
user_213,2025-01-02 07:56:00,social_media,click,0,
user_929,2025-01-13 05:02:20,email,click,0,
user_839,2025-01-03 05:04:30,email,click,0,
user_802,2025-01-07 14:10:03,social_media,click,0,
user_749,2025-01-06 20:26:02,display_ads,open,0,
user_314,2025-01-17 06:03:22,direct,conversion,1,5.0
user_480,2025-01-13 19:05:01,social_media,click,0,
user_212,2025-01-22 02:10:05,direct,conversion,1,1.0
user_452,2025-01-21 04:10:10,social_media,click,0,
user_805,2025-01-24 18:48:38,email,open,0,
user_691,2025-01-01 08:53:10,organic_search,click,0,
user_267,2025-01-04 05:35:35,social_media,click,0,
user_951,2025-01-11 23:50:01,direct,click,0,
user_574,2025-01-19 12:53:11,social_media,open,0,
user_720,2025-01-12 09:25:36,display_ads,click,0,
user_96,2025-01-20 18:09:26,social_media,click,0,
user_681,2025-01-01 14:22:57,direct,click,0,
user_336,2025-01-09 12:07:52,direct,click,0,
user_122,2025-01-06 23:45:35,email,conversion,1,
user_179,2025-01-11 10:18:12,direct,open,0,
user_189,2025-01-18 07:32:39,display_ads,click,0,
user_930,2025-01-15 03:30:28,display_ads,click,0,
user_757,2025-01-19 11:44:24,email,click,0,
user_481,2025-01-12 01:44:31,display_ads,click,0,
user_798,2025-01-18 18:41:16,organic_search,open,0,
user_57,2025-01-16 12:46:20,direct,open,0,
user_367,2025-01-10 22:16:30,direct,open,0,
user_576,2025-01-22 01:28:31,display_ads,click,0,
user_905,2025-01-08 21:42:02,organic_search,open,0,
user_277,2025-01-20 09:05:16,email,click,0,
user_797,2025-01-09 10:47:28,display_ads,conversion,1,5.0
user_127,2025-01-15 14:15:42,display_ads,open,0,
user_197,2025-01-23 21:25:44,email,open,0,
user_713,2025-01-15 23:50:27,display_ads,click,0,
user_131,2025-01-20 19:25:08,display_ads,click,0,
user_34,2025-01-20 03:35:40,direct,open,0,
user_913,2025-01-01 20:26:02,organic_search,click,0,
user_294,2025-01-09 18:03:42,organic_search,open,0,
user_333,2025-01-21 13:25:22,display_ads,click,0,
user_247,2025-01-15 14:44:20,email,open,0,
user_357,2025-01-23 07:10:59,organic_search,open,0,
user_412,2025-01-12 10:47:23,organic_search,click,0,
user_44,2025-01-21 20:47:02,social_media,open,0,
user_962,2025-01-03 20:26:46,email,conversion,1,1.0
user_869,2025-01-20 04:46:40,display_ads,open,0,
user_686,2025-01-08 14:02:56,email,conversion,1,
user_752,2025-01-04 22:51:46,display_ads,open,0,
user_777,2025-01-15 17:54:36,display_ads,click,0,
user_836,2025-01-16 19:14:50,social_media,open,0,
user_313,2025-01-10 06:25:24,organic_search,click,0,
user_169,2025-01-02 05:01:43,email,open,0,
user_948,2025-01-25 08:16:04,social_media,click,0,
user_502,2025-01-24 07:05:29,display_ads,click,0,
user_664,2025-01-17 03:56:03,direct,click,0,
user_34,2025-01-15 13:35:00,organic_search,click,0,
user_549,2025-01-09 07:03:12,social_media,open,0,
user_715,2025-01-25 08:36:01,display_ads,conversion,1,3.0
user_657,2025-01-17 18:37:48,direct,click,0,
user_756,2025-01-13 06:46:53,direct,click,0,
user_967,2025-01-09 23:27:23,email,click,0,
user_399,2025-01-21 22:20:07,social_media,open,0,
user_116,2025-01-02 20:37:37,social_media,click,0,
user_704,2025-01-24 05:48:16,display_ads,open,0,
user_918,2025-01-07 13:00:01,organic_search,click,0,
user_923,2025-01-07 11:15:20,display_ads,open,0,
user_120,2025-01-10 16:36:46,email,open,0,
user_463,2025-01-07 11:52:18,organic_search,click,0,
user_830,2025-01-15 11:11:47,display_ads,open,0,
user_139,2025-01-23 17:21:44,direct,conversion,1,2.0
user_529,2025-01-12 09:36:13,display_ads,click,0,
user_492,2025-01-21 03:07:53,direct,click,0,
user_495,2025-01-25 18:56:30,organic_search,conversion,1,4.0
user_496,2025-01-09 08:58:03,email,click,0,
user_529,2025-01-21 21:50:13,direct,open,0,
user_321,2025-01-21 14:17:37,display_ads,conversion,1,1.0
user_428,2025-01-22 13:23:57,organic_search,click,0,
user_229,2025-01-10 04:40:59,display_ads,click,0,
user_647,2025-01-07 17:47:18,social_media,open,0,
user_232,2025-01-06 03:48:02,display_ads,open,0,
user_849,2025-01-01 19:21:47,social_media,click,0,
user_338,2025-01-06 06:30:05,social_media,open,0,
user_828,2025-01-23 10:55:23,email,open,0,
user_915,2025-01-25 19:17:37,direct,click,0,
user_106,2025-01-12 06:05:04,email,click,0,
user_35,2025-01-22 07:06:07,display_ads,open,0,
user_757,2025-01-01 16:17:35,social_media,open,0,
user_158,2025-01-10 02:20:56,social_media,click,0,
user_905,2025-01-21 19:01:09,direct,click,0,
user_662,2025-01-19 19:41:18,email,conversion,1,
user_164,2025-01-05 01:31:41,organic_search,open,0,
user_677,2025-01-08 21:31:44,display_ads,open,0,
user_684,2025-01-08 04:34:07,direct,open,0,
user_443,2025-01-01 15:39:51,organic_search,open,0,
user_632,2025-01-10 17:15:38,email,open,0,
user_881,2025-01-24 03:22:35,social_media,click,0,
user_673,2025-01-02 20:50:14,social_media,open,0,
user_11,2025-01-25 04:29:39,organic_search,conversion,1,1.0
user_310,2025-01-22 03:14:04,organic_search,click,0,
user_609,2025-01-19 02:20:27,social_media,click,0,
user_308,2025-01-08 10:44:00,email,click,0,
user_205,2025-01-14 08:34:22,direct,open,0,
user_707,2025-01-16 16:57:45,social_media,open,0,
user_594,2025-01-22 16:59:05,social_media,open,0,
user_172,2025-01-18 13:16:16,social_media,click,0,
user_665,2025-01-18 23:42:48,display_ads,open,0,
user_777,2025-01-21 00:42:25,social_media,click,0,
user_71,2025-01-16 18:57:01,email,click,0,
user_834,2025-01-03 22:14:34,email,click,0,
user_806,2025-01-16 14:18:12,organic_search,conversion,1,4.0
user_165,2025-01-10 03:21:33,social_media,open,0,
user_929,2025-01-02 06:28:55,display_ads,click,0,
user_393,2025-01-03 11:18:33,email,open,0,
user_192,2025-01-10 19:10:24,social_media,click,0,
user_336,2025-01-07 12:38:44,display_ads,open,0,
user_586,2025-01-16 00:09:24,display_ads,open,0,
user_439,2025-01-15 01:45:59,social_media,click,0,
user_73,2025-01-09 11:08:02,display_ads,open,0,
user_284,2025-01-19 15:52:21,email,click,0,
user_423,2025-01-13 11:50:41,display_ads,click,0,
user_702,2025-01-19 10:33:01,direct,open,0,
user_767,2025-01-12 14:17:46,direct,open,0,
user_643,2025-01-10 22:36:31,email,open,0,
user_583,2025-01-01 04:36:20,organic_search,open,0,
user_498,2025-01-20 21:21:49,organic_search,click,0,
user_807,2025-01-14 23:57:30,organic_search,open,0,
user_632,2025-01-10 19:36:24,display_ads,open,0,
user_110,2025-01-21 08:58:11,direct,open,0,
user_311,2025-01-22 13:25:11,direct,click,0,
user_64,2025-01-17 11:25:58,display_ads,click,0,
user_137,2025-01-12 18:28:15,social_media,open,0,
user_734,2025-01-21 12:33:26,direct,open,0,
user_101,2025-01-07 00:36:40,email,open,0,
user_546,2025-01-05 05:41:28,display_ads,open,0,
user_15,2025-01-14 15:26:24,social_media,click,0,
user_436,2025-01-08 09:19:54,email,open,0,
user_532,2025-01-08 13:29:41,email,click,0,
user_462,2025-01-05 12:15:21,direct,conversion,1,3.0
user_517,2025-01-01 00:15:00,email,click,0,
user_529,2025-01-09 10:00:32,direct,click,0,
user_84,2025-01-07 15:50:53,display_ads,click,0,
user_102,2025-01-07 05:15:47,social_media,open,0,
user_881,2025-01-02 05:21:42,organic_search,open,0,
user_774,2025-01-13 14:55:07,social_media,click,0,
user_446,2025-01-20 04:48:58,social_media,click,0,
user_433,2025-01-15 07:19:44,email,click,0,
user_457,2025-01-05 12:04:51,display_ads,open,0,
user_345,2025-01-11 15:59:55,direct,click,0,
user_936,2025-01-10 04:55:17,direct,open,0,
user_376,2025-01-11 13:04:14,display_ads,open,0,
user_661,2025-01-21 15:05:50,email,open,0,
user_84,2025-01-07 22:12:06,social_media,open,0,
user_946,2025-01-07 15:58:16,display_ads,open,0,
user_476,2025-01-04 22:19:36,display_ads,conversion,1,
user_721,2025-01-17 21:08:48,email,open,0,
user_437,2025-01-15 19:24:21,organic_search,click,0,
user_871,2025-01-19 15:50:14,organic_search,click,0,
user_813,2025-01-05 03:44:37,social_media,click,0,
user_131,2025-01-10 22:09:33,organic_search,open,0,
user_557,2025-01-12 18:28:55,social_media,click,0,
user_739,2025-01-13 19:04:57,organic_search,conversion,1,
user_100,2025-01-02 04:47:04,social_media,click,0,
user_122,2025-01-15 13:39:44,social_media,click,0,
user_175,2025-01-10 14:39:10,display_ads,click,0,
user_356,2025-01-20 01:00:43,social_media,open,0,
user_702,2025-01-21 13:52:45,direct,click,0,
user_44,2025-01-04 16:19:36,social_media,click,0,
user_695,2025-01-19 06:15:20,email,open,0,
user_889,2025-01-24 02:27:04,social_media,open,0,
user_937,2025-01-17 01:39:44,organic_search,open,0,
user_460,2025-01-17 13:28:26,organic_search,open,0,
user_87,2025-01-15 11:06:55,direct,click,0,
user_928,2025-01-18 23:42:32,direct,click,0,
user_317,2025-01-07 20:55:02,organic_search,open,0,
user_950,2025-01-13 05:24:29,email,click,0,
user_264,2025-01-25 08:46:50,direct,click,0,
user_768,2025-01-06 10:43:23,social_media,click,0,
user_534,2025-01-23 15:10:41,display_ads,click,0,
user_59,2025-01-19 13:37:39,email,click,0,
user_541,2025-01-01 08:33:49,social_media,conversion,1,4.0
user_758,2025-01-24 20:17:01,social_media,click,0,
user_22,2025-01-25 11:16:44,display_ads,click,0,
user_184,2025-01-12 06:25:49,display_ads,open,0,
user_5,2025-01-25 01:03:13,organic_search,click,0,
user_383,2025-01-09 03:00:35,display_ads,click,0,
user_755,2025-01-23 04:34:01,social_media,open,0,
user_149,2025-01-02 06:18:21,direct,click,0,
user_338,2025-01-16 06:50:39,organic_search,open,0,
user_977,2025-01-19 09:05:14,email,click,0,
user_414,2025-01-10 09:50:03,organic_search,open,0,
user_76,2025-01-15 15:45:18,email,open,0,
user_390,2025-01-11 20:30:50,email,click,0,
user_426,2025-01-22 09:11:55,email,click,0,
user_515,2025-01-04 17:17:04,direct,click,0,
user_987,2025-01-04 23:42:57,display_ads,open,0,
user_943,2025-01-16 03:33:36,display_ads,click,0,
user_673,2025-01-08 19:54:21,social_media,open,0,
user_918,2025-01-23 05:55:03,display_ads,click,0,
user_245,2025-01-25 19:25:35,email,open,0,
user_772,2025-01-21 18:35:31,direct,click,0,
user_171,2025-01-16 09:11:07,organic_search,click,0,
user_480,2025-01-14 15:05:19,social_media,open,0,
user_347,2025-01-21 00:21:25,direct,click,0,
user_202,2025-01-11 13:21:53,direct,open,0,
user_471,2025-01-19 23:59:25,social_media,click,0,
user_603,2025-01-15 02:13:45,social_media,click,0,
user_101,2025-01-01 04:42:37,email,click,0,
user_76,2025-01-10 08:15:39,social_media,click,0,
user_56,2025-01-08 03:29:38,direct,click,0,
user_711,2025-01-24 03:25:49,display_ads,click,0,
user_160,2025-01-12 08:35:29,display_ads,open,0,
user_864,2025-01-05 19:50:39,organic_search,open,0,
user_58,2025-01-15 07:42:26,email,open,0,
user_761,2025-01-08 09:00:48,email,click,0,
user_957,2025-01-22 17:31:28,email,open,0,
user_338,2025-01-19 22:46:24,direct,click,0,
user_7,2025-01-08 14:25:24,display_ads,conversion,1,3.0
user_839,2025-01-25 15:55:21,direct,click,0,
user_372,2025-01-01 20:09:03,direct,click,0,
user_525,2025-01-08 08:59:14,display_ads,click,0,
user_983,2025-01-06 04:05:11,social_media,open,0,
user_352,2025-01-06 18:36:46,direct,open,0,
user_189,2025-01-01 22:34:52,direct,open,0,
user_778,2025-01-21 17:40:17,organic_search,open,0,
user_966,2025-01-04 17:43:14,direct,open,0,
user_606,2025-01-25 16:32:06,email,open,0,
user_441,2025-01-18 22:28:56,display_ads,open,0,
user_506,2025-01-07 15:16:06,email,open,0,
user_167,2025-01-14 19:51:20,email,click,0,
user_629,2025-01-06 18:49:18,display_ads,open,0,
user_899,2025-01-25 00:07:09,direct,click,0,
user_434,2025-01-24 19:08:07,social_media,open,0,
user_458,2025-01-19 19:56:55,organic_search,click,0,
user_271,2025-01-23 12:07:35,organic_search,open,0,
user_290,2025-01-21 02:30:24,social_media,open,0,
user_30,2025-01-14 11:46:38,display_ads,open,0,
user_583,2025-01-23 03:47:13,email,conversion,1,3.0
user_712,2025-01-12 12:26:12,organic_search,conversion,1,1.0
user_722,2025-01-16 20:32:35,social_media,open,0,
user_616,2025-01-17 11:37:29,email,click,0,
user_669,2025-01-11 17:29:29,social_media,click,0,
user_979,2025-01-09 21:54:19,email,click,0,
user_389,2025-01-22 06:53:59,organic_search,click,0,
user_188,2025-01-01 15:44:12,display_ads,click,0,
user_56,2025-01-15 03:02:04,direct,open,0,
user_538,2025-01-04 10:37:31,display_ads,click,0,
user_709,2025-01-17 13:10:48,email,open,0,
user_970,2025-01-15 02:49:31,direct,open,0,
user_825,2025-01-18 19:09:09,email,conversion,1,4.0
user_708,2025-01-24 21:54:56,organic_search,open,0,
user_966,2025-01-06 15:49:34,display_ads,open,0,
user_918,2025-01-22 13:45:30,organic_search,click,0,
user_734,2025-01-01 10:53:58,email,open,0,
user_177,2025-01-05 18:53:10,email,open,0,
user_992,2025-01-14 10:09:59,email,open,0,
user_44,2025-01-10 13:41:22,social_media,click,0,
user_201,2025-01-06 19:53:42,direct,click,0,
user_385,2025-01-22 17:10:46,organic_search,click,0,
user_626,2025-01-20 05:38:49,direct,click,0,
user_837,2025-01-13 00:22:36,social_media,click,0,
user_846,2025-01-01 10:56:04,social_media,open,0,
user_898,2025-01-09 15:15:13,direct,open,0,
user_984,2025-01-01 01:55:44,email,click,0,
user_614,2025-01-06 22:21:20,organic_search,click,0,
user_560,2025-01-02 23:50:27,display_ads,open,0,
user_686,2025-01-16 10:10:21,organic_search,conversion,1,1.0
user_915,2025-01-07 23:41:32,email,open,0,
user_414,2025-01-02 12:18:44,social_media,click,0,
user_266,2025-01-25 14:37:39,social_media,click,0,
user_140,2025-01-03 09:15:45,organic_search,click,0,
user_648,2025-01-12 22:43:17,organic_search,open,0,
user_231,2025-01-03 09:43:50,email,click,0,
user_946,2025-01-07 09:53:58,email,open,0,
user_210,2025-01-24 21:17:37,display_ads,open,0,
user_261,2025-01-05 02:51:20,direct,click,0,
user_101,2025-01-07 19:10:09,email,click,0,
user_401,2025-01-17 23:51:52,social_media,open,0,
user_476,2025-01-10 18:36:38,direct,click,0,
user_758,2025-01-15 01:37:34,social_media,click,0,
user_985,2025-01-07 15:43:43,direct,click,0,
user_366,2025-01-09 08:37:23,email,open,0,
user_430,2025-01-02 13:23:46,organic_search,click,0,
user_393,2025-01-11 20:36:29,social_media,open,0,
user_425,2025-01-11 02:41:33,display_ads,click,0,
user_526,2025-01-20 01:54:13,email,click,0,
user_6,2025-01-09 07:11:49,direct,open,0,
user_272,2025-01-20 13:16:50,direct,click,0,
user_472,2025-01-10 10:33:15,organic_search,click,0,
user_392,2025-01-18 18:16:31,social_media,open,0,
user_624,2025-01-15 23:01:33,social_media,open,0,
user_563,2025-01-09 04:03:54,organic_search,open,0,
user_22,2025-01-17 13:54:35,social_media,click,0,
user_570,2025-01-22 21:09:14,social_media,open,0,
user_818,2025-01-06 23:26:13,organic_search,open,0,
user_119,2025-01-03 20:58:35,direct,open,0,
user_776,2025-01-04 02:36:38,direct,click,0,
user_172,2025-01-11 15:15:19,social_media,conversion,1,4.0
user_249,2025-01-19 14:54:51,display_ads,click,0,
user_67,2025-01-24 06:11:40,social_media,open,0,
user_953,2025-01-12 10:29:17,display_ads,click,0,
user_295,2025-01-16 09:53:49,organic_search,click,0,
user_342,2025-01-14 05:56:35,direct,click,0,
user_505,2025-01-21 01:25:17,email,open,0,
user_367,2025-01-16 10:36:05,direct,click,0,
user_582,2025-01-18 19:46:04,social_media,open,0,
user_348,2025-01-24 20:40:53,direct,open,0,
user_84,2025-01-19 22:58:18,direct,click,0,
user_63,2025-01-25 10:34:12,social_media,open,0,
user_550,2025-01-08 06:15:53,direct,click,0,
user_832,2025-01-07 21:09:20,organic_search,open,0,
user_571,2025-01-24 04:13:32,direct,click,0,
user_597,2025-01-10 03:11:44,email,open,0,
user_807,2025-01-23 20:50:26,organic_search,conversion,1,
user_213,2025-01-03 06:34:33,display_ads,open,0,
user_825,2025-01-03 21:56:39,direct,conversion,1,1.0
user_262,2025-01-25 21:02:21,social_media,open,0,
user_341,2025-01-03 18:20:22,organic_search,click,0,
user_227,2025-01-17 12:01:01,organic_search,open,0,
user_169,2025-01-09 15:15:13,social_media,click,0,
user_29,2025-01-16 01:27:07,display_ads,click,0,
user_252,2025-01-24 01:29:50,email,open,0,
user_243,2025-01-23 09:12:40,direct,click,0,
user_119,2025-01-23 23:53:36,email,conversion,1,4.0
user_520,2025-01-15 18:07:56,email,open,0,
user_647,2025-01-11 19:21:28,display_ads,conversion,1,5.0
user_802,2025-01-07 15:29:15,email,open,0,
user_543,2025-01-17 11:57:27,display_ads,click,0,
user_312,2025-01-05 18:19:26,email,click,0,
user_74,2025-01-08 15:58:46,direct,click,0,
user_389,2025-01-02 06:57:06,display_ads,open,0,
user_759,2025-01-12 07:36:08,direct,conversion,1,5.0
user_464,2025-01-11 11:53:38,social_media,conversion,1,
user_746,2025-01-23 19:26:27,email,click,0,
user_633,2025-01-19 14:11:53,direct,open,0,
user_139,2025-01-02 00:50:50,social_media,open,0,
user_171,2025-01-19 16:36:11,organic_search,open,0,
user_275,2025-01-13 12:41:52,display_ads,click,0,
user_290,2025-01-07 05:31:57,organic_search,open,0,
user_325,2025-01-10 22:48:25,social_media,open,0,
user_70,2025-01-16 18:30:37,organic_search,click,0,
user_779,2025-01-11 11:44:53,direct,click,0,
user_488,2025-01-16 01:42:11,direct,click,0,
user_982,2025-01-10 08:21:04,display_ads,click,0,
user_246,2025-01-11 10:21:40,email,click,0,
user_8,2025-01-22 15:03:35,organic_search,open,0,
user_492,2025-01-23 18:24:07,direct,click,0,
user_78,2025-01-11 08:23:03,social_media,open,0,
user_435,2025-01-09 11:30:05,social_media,click,0,
user_872,2025-01-17 08:10:46,organic_search,open,0,
user_44,2025-01-11 13:41:49,display_ads,open,0,
user_738,2025-01-15 11:35:26,social_media,click,0,
user_63,2025-01-20 19:29:09,social_media,click,0,
user_872,2025-01-06 01:13:16,display_ads,conversion,1,
user_359,2025-01-14 06:30:10,direct,open,0,
user_839,2025-01-10 15:05:53,display_ads,open,0,
user_388,2025-01-03 02:39:53,display_ads,open,0,
user_623,2025-01-25 11:35:28,social_media,click,0,
user_941,2025-01-12 07:37:01,organic_search,click,0,
user_726,2025-01-25 13:13:32,direct,click,0,
user_458,2025-01-12 00:12:11,display_ads,click,0,
user_258,2025-01-12 09:59:32,display_ads,open,0,
user_133,2025-01-05 03:33:44,email,open,0,
user_374,2025-01-16 20:32:37,email,open,0,
user_982,2025-01-10 22:10:26,organic_search,click,0,
user_345,2025-01-17 09:18:54,social_media,click,0,
user_648,2025-01-05 03:20:05,organic_search,click,0,
user_784,2025-01-02 02:05:59,social_media,open,0,
user_273,2025-01-22 09:27:27,organic_search,click,0,
user_80,2025-01-12 20:16:15,email,click,0,
user_803,2025-01-16 09:48:40,organic_search,click,0,
user_564,2025-01-20 12:58:18,direct,open,0,
user_137,2025-01-13 13:34:14,social_media,conversion,1,5.0
user_224,2025-01-25 01:37:43,email,open,0,
user_867,2025-01-02 06:10:04,organic_search,open,0,
user_810,2025-01-15 15:44:54,organic_search,conversion,1,5.0
user_534,2025-01-06 06:19:13,direct,open,0,
user_679,2025-01-19 02:32:11,display_ads,click,0,
user_310,2025-01-17 13:07:38,display_ads,click,0,
user_64,2025-01-24 08:09:11,organic_search,open,0,
user_979,2025-01-22 03:32:18,social_media,conversion,1,1.0
user_899,2025-01-16 15:34:39,social_media,conversion,1,1.0
user_622,2025-01-21 16:02:52,organic_search,open,0,
user_861,2025-01-20 01:56:52,display_ads,open,0,
user_13,2025-01-15 07:35:37,display_ads,click,0,
user_761,2025-01-15 19:03:05,organic_search,open,0,
user_378,2025-01-11 22:22:17,display_ads,click,0,
user_581,2025-01-07 05:27:13,email,open,0,
user_958,2025-01-21 02:48:53,direct,conversion,1,1.0
user_899,2025-01-20 12:11:21,email,click,0,
user_580,2025-01-05 13:54:26,email,click,0,
user_179,2025-01-11 05:19:51,organic_search,open,0,
user_86,2025-01-05 20:39:29,organic_search,click,0,
user_881,2025-01-25 05:08:16,direct,click,0,
user_441,2025-01-02 00:00:31,direct,click,0,
user_248,2025-01-20 13:32:35,organic_search,click,0,
user_589,2025-01-12 15:00:21,social_media,click,0,
user_89,2025-01-02 05:33:50,email,open,0,
user_193,2025-01-23 23:00:11,email,click,0,
user_932,2025-01-09 13:33:36,organic_search,conversion,1,4.0
user_823,2025-01-25 09:07:27,social_media,open,0,
user_197,2025-01-04 13:47:46,display_ads,open,0,
user_288,2025-01-24 05:25:14,social_media,open,0,
user_59,2025-01-01 01:58:29,organic_search,open,0,
user_315,2025-01-19 01:46:31,social_media,open,0,
user_26,2025-01-09 21:24:10,organic_search,open,0,
user_526,2025-01-03 04:29:22,display_ads,open,0,
user_45,2025-01-09 10:29:48,email,conversion,1,3.0
user_54,2025-01-18 08:19:04,social_media,click,0,
user_105,2025-01-12 07:29:21,direct,click,0,
user_71,2025-01-23 05:55:09,organic_search,click,0,
user_139,2025-01-16 05:59:40,direct,click,0,
user_495,2025-01-17 12:06:05,social_media,click,0,
user_160,2025-01-25 14:23:51,email,open,0,
user_154,2025-01-06 22:11:08,direct,conversion,1,2.0
user_14,2025-01-06 09:35:15,email,open,0,
user_812,2025-01-25 16:08:16,email,conversion,1,1.0
user_112,2025-01-13 13:00:33,email,click,0,
user_35,2025-01-01 13:26:26,email,open,0,
user_14,2025-01-21 14:10:30,email,click,0,
user_599,2025-01-11 03:40:51,display_ads,open,0,
user_6,2025-01-01 16:33:04,social_media,open,0,
user_464,2025-01-11 17:20:10,email,click,0,
user_900,2025-01-14 15:18:22,display_ads,click,0,
user_363,2025-01-02 09:50:13,email,click,0,
user_555,2025-01-16 08:27:27,display_ads,click,0,
user_156,2025-01-18 03:01:41,email,open,0,
user_962,2025-01-13 22:54:07,email,conversion,1,3.0
user_243,2025-01-13 17:15:55,direct,click,0,
user_643,2025-01-16 15:06:38,direct,click,0,
user_507,2025-01-19 23:14:02,direct,click,0,
user_337,2025-01-02 05:23:49,email,open,0,
user_693,2025-01-14 09:55:31,email,click,0,
user_926,2025-01-19 19:33:58,social_media,click,0,
user_845,2025-01-06 14:12:06,display_ads,click,0,
user_630,2025-01-21 10:51:58,display_ads,click,0,
user_302,2025-01-12 13:13:12,direct,open,0,
user_355,2025-01-14 11:38:21,social_media,conversion,1,3.0
user_467,2025-01-10 13:07:32,direct,conversion,1,4.0
user_166,2025-01-16 06:51:47,display_ads,click,0,
user_870,2025-01-11 01:43:20,social_media,click,0,
user_63,2025-01-11 02:46:20,direct,click,0,
user_860,2025-01-06 13:50:27,direct,open,0,
user_618,2025-01-22 02:23:23,organic_search,click,0,
user_968,2025-01-10 23:39:37,email,click,0,
user_114,2025-01-17 16:12:07,direct,conversion,1,3.0
user_95,2025-01-10 22:00:03,email,open,0,
user_408,2025-01-15 12:40:12,social_media,click,0,
user_728,2025-01-10 13:00:53,direct,click,0,
user_514,2025-01-02 17:25:45,display_ads,open,0,
user_469,2025-01-09 20:51:05,social_media,click,0,
user_698,2025-01-04 02:06:54,email,click,0,
user_615,2025-01-11 22:27:33,organic_search,open,0,
user_37,2025-01-18 18:32:57,display_ads,click,0,
user_822,2025-01-08 20:47:07,organic_search,open,0,
user_161,2025-01-24 20:07:26,social_media,open,0,
user_56,2025-01-24 10:09:48,organic_search,open,0,
user_209,2025-01-05 19:18:58,social_media,conversion,1,
user_435,2025-01-23 06:21:55,display_ads,click,0,
user_439,2025-01-03 01:25:04,email,conversion,1,2.0
user_228,2025-01-08 10:22:15,direct,open,0,
user_911,2025-01-21 14:48:51,direct,open,0,
user_994,2025-01-02 14:41:20,organic_search,open,0,
user_638,2025-01-12 22:12:22,direct,click,0,
user_45,2025-01-03 17:15:57,direct,open,0,
user_777,2025-01-21 11:46:58,organic_search,click,0,
user_762,2025-01-04 20:26:38,social_media,conversion,1,1.0
user_29,2025-01-14 20:15:37,social_media,click,0,
user_638,2025-01-18 05:02:28,organic_search,open,0,
user_998,2025-01-08 00:52:33,email,open,0,
user_774,2025-01-03 23:40:02,direct,click,0,
user_529,2025-01-23 05:23:00,organic_search,open,0,
user_870,2025-01-24 18:45:36,social_media,open,0,
user_688,2025-01-12 03:19:21,email,click,0,
user_316,2025-01-17 17:05:37,social_media,click,0,
user_554,2025-01-03 18:41:20,social_media,conversion,1,1.0
user_855,2025-01-11 15:10:02,direct,click,0,
user_987,2025-01-06 05:00:15,direct,click,0,
user_815,2025-01-15 00:52:23,display_ads,open,0,
user_277,2025-01-23 06:16:35,display_ads,click,0,
user_318,2025-01-03 12:33:31,organic_search,open,0,
user_651,2025-01-09 16:23:44,direct,open,0,
user_754,2025-01-24 05:12:22,social_media,open,0,
user_871,2025-01-01 21:28:03,email,open,0,
user_916,2025-01-19 02:09:50,social_media,click,0,
user_27,2025-01-14 14:01:49,email,click,0,
user_566,2025-01-25 08:52:52,direct,click,0,
user_946,2025-01-24 10:23:24,organic_search,open,0,
user_823,2025-01-06 14:12:54,display_ads,click,0,
user_300,2025-01-21 09:47:46,organic_search,click,0,
user_531,2025-01-24 22:14:03,organic_search,open,0,
user_170,2025-01-06 04:04:06,organic_search,open,0,
user_896,2025-01-03 03:16:08,social_media,open,0,
user_605,2025-01-24 07:52:14,email,open,0,
user_930,2025-01-23 16:29:04,email,open,0,
user_909,2025-01-08 12:03:21,organic_search,click,0,
user_411,2025-01-16 16:20:49,direct,click,0,
user_344,2025-01-14 08:45:32,organic_search,open,0,
user_854,2025-01-23 12:38:02,direct,open,0,
user_118,2025-01-16 15:26:10,organic_search,open,0,
user_275,2025-01-22 14:41:50,display_ads,open,0,
user_7,2025-01-01 06:34:19,direct,open,0,
user_772,2025-01-03 23:12:36,organic_search,open,0,
user_24,2025-01-09 21:22:10,social_media,open,0,
user_202,2025-01-06 17:27:37,social_media,conversion,1,
user_224,2025-01-12 00:45:38,organic_search,click,0,
user_819,2025-01-22 06:59:07,display_ads,open,0,
user_232,2025-01-12 18:39:34,display_ads,click,0,
user_632,2025-01-15 23:33:34,direct,open,0,
user_184,2025-01-06 20:14:09,organic_search,open,0,
user_385,2025-01-15 07:23:47,display_ads,click,0,
user_802,2025-01-02 16:55:04,organic_search,open,0,
user_199,2025-01-17 22:04:15,social_media,open,0,
user_870,2025-01-09 07:00:06,direct,click,0,
user_67,2025-01-11 07:40:20,display_ads,click,0,
user_54,2025-01-19 13:56:37,direct,click,0,
user_460,2025-01-25 04:22:38,direct,click,0,
user_343,2025-01-11 19:03:30,direct,conversion,1,1.0
user_561,2025-01-20 01:00:02,display_ads,click,0,
user_319,2025-01-19 05:22:55,display_ads,click,0,
user_920,2025-01-19 04:26:25,email,open,0,
user_364,2025-01-22 10:00:38,social_media,click,0,
user_999,2025-01-03 05:42:10,display_ads,click,0,
user_275,2025-01-20 01:36:11,organic_search,open,0,
user_856,2025-01-16 05:58:14,social_media,click,0,
user_423,2025-01-02 16:57:10,social_media,open,0,
user_161,2025-01-23 03:47:46,display_ads,click,0,
user_866,2025-01-10 12:17:58,social_media,click,0,
user_153,2025-01-03 00:00:25,email,click,0,
user_589,2025-01-18 12:49:48,social_media,conversion,1,4.0
user_237,2025-01-16 01:59:31,direct,click,0,
user_522,2025-01-24 03:25:29,direct,open,0,
user_112,2025-01-11 03:21:15,email,open,0,
user_325,2025-01-18 15:16:18,direct,click,0,
user_520,2025-01-09 21:40:44,direct,click,0,
user_712,2025-01-18 10:33:23,social_media,click,0,
user_105,2025-01-22 11:46:00,email,open,0,
user_642,2025-01-08 20:32:58,email,click,0,
user_657,2025-01-05 21:44:27,email,open,0,
user_30,2025-01-13 08:51:40,display_ads,open,0,
user_475,2025-01-13 03:04:01,social_media,open,0,
user_826,2025-01-08 20:04:53,display_ads,click,0,
user_311,2025-01-05 07:34:58,email,open,0,
user_492,2025-01-12 19:34:13,direct,click,0,
user_981,2025-01-09 08:05:16,display_ads,conversion,1,2.0
user_651,2025-01-21 18:35:46,email,click,0,
user_348,2025-01-21 01:11:30,social_media,click,0,
user_647,2025-01-11 20:07:20,display_ads,click,0,
user_923,2025-01-10 08:29:13,direct,click,0,
user_501,2025-01-14 09:43:35,display_ads,open,0,
user_662,2025-01-19 19:43:16,direct,click,0,
user_729,2025-01-15 21:28:28,social_media,click,0,
user_245,2025-01-14 23:15:39,direct,open,0,
user_105,2025-01-06 21:32:53,direct,open,0,
user_822,2025-01-14 10:20:54,direct,open,0,
user_131,2025-01-19 05:11:24,organic_search,click,0,
user_686,2025-01-21 09:10:03,social_media,conversion,1,
user_783,2025-01-18 03:23:51,social_media,open,0,
user_568,2025-01-16 07:54:05,direct,click,0,
user_303,2025-01-10 09:56:38,direct,click,0,
user_752,2025-01-18 05:50:15,organic_search,open,0,
user_379,2025-01-17 17:30:15,organic_search,conversion,1,5.0
user_183,2025-01-16 11:59:11,organic_search,open,0,
user_637,2025-01-12 20:49:46,email,open,0,
user_351,2025-01-14 01:48:29,social_media,click,0,
user_769,2025-01-20 09:57:37,organic_search,click,0,
user_467,2025-01-13 01:04:14,social_media,open,0,
user_686,2025-01-01 21:57:05,email,click,0,
user_330,2025-01-24 09:00:32,email,conversion,1,
user_831,2025-01-25 01:15:16,email,open,0,
user_107,2025-01-01 02:42:35,display_ads,click,0,
user_493,2025-01-19 12:27:22,display_ads,open,0,
user_292,2025-01-15 22:02:52,social_media,click,0,
user_151,2025-01-09 17:38:36,social_media,click,0,
user_15,2025-01-24 16:24:17,email,open,0,
user_6,2025-01-20 19:24:48,social_media,click,0,
user_418,2025-01-03 07:29:00,organic_search,open,0,
user_523,2025-01-07 23:41:19,direct,click,0,
user_751,2025-01-20 09:52:14,display_ads,click,0,
user_203,2025-01-07 20:48:37,email,click,0,
user_448,2025-01-19 16:07:30,organic_search,conversion,1,5.0
user_894,2025-01-12 10:31:40,organic_search,open,0,
user_338,2025-01-16 22:18:24,direct,click,0,
user_222,2025-01-10 10:36:16,display_ads,open,0,
user_407,2025-01-14 06:31:36,social_media,conversion,1,4.0
user_650,2025-01-08 11:08:20,email,open,0,
user_404,2025-01-12 00:57:30,social_media,open,0,
user_748,2025-01-21 04:09:23,organic_search,click,0,
user_184,2025-01-13 11:37:06,email,open,0,
user_614,2025-01-10 01:42:28,direct,open,0,
user_622,2025-01-19 23:29:10,email,conversion,1,5.0
user_883,2025-01-14 07:58:33,display_ads,click,0,
user_404,2025-01-01 02:43:32,display_ads,open,0,
user_68,2025-01-11 13:48:55,social_media,click,0,
user_995,2025-01-25 02:58:11,organic_search,open,0,
user_613,2025-01-10 22:31:17,direct,open,0,
user_405,2025-01-15 03:41:45,organic_search,open,0,
user_113,2025-01-13 02:24:48,direct,open,0,
user_845,2025-01-06 22:54:27,direct,click,0,
user_543,2025-01-23 17:40:16,display_ads,open,0,
user_98,2025-01-16 05:59:27,email,open,0,
user_370,2025-01-02 01:00:43,social_media,open,0,
user_685,2025-01-02 15:51:38,social_media,click,0,
user_307,2025-01-18 15:24:01,direct,open,0,
user_183,2025-01-21 18:51:28,organic_search,click,0,
user_910,2025-01-20 07:47:29,email,open,0,
user_447,2025-01-18 13:15:29,direct,click,0,
user_328,2025-01-17 15:28:45,social_media,open,0,
user_83,2025-01-01 14:10:50,social_media,open,0,
user_695,2025-01-24 00:59:50,social_media,open,0,
user_109,2025-01-06 15:43:12,display_ads,click,0,
user_152,2025-01-20 13:11:52,display_ads,click,0,
user_999,2025-01-12 18:46:30,organic_search,open,0,
user_401,2025-01-15 04:14:53,social_media,click,0,
user_43,2025-01-08 09:39:00,social_media,open,0,
user_327,2025-01-19 22:42:05,direct,open,0,
user_981,2025-01-08 06:18:43,display_ads,click,0,
user_744,2025-01-10 06:16:42,email,conversion,1,
user_932,2025-01-24 08:43:32,email,click,0,
user_910,2025-01-17 12:15:01,organic_search,conversion,1,4.0
user_854,2025-01-20 01:41:37,social_media,open,0,
user_335,2025-01-09 14:30:59,display_ads,conversion,1,
user_406,2025-01-21 16:35:26,email,click,0,
user_38,2025-01-12 05:07:12,social_media,open,0,
user_330,2025-01-25 15:13:17,organic_search,open,0,
user_125,2025-01-06 07:31:54,organic_search,click,0,
user_811,2025-01-19 18:28:38,display_ads,click,0,
user_453,2025-01-06 15:09:38,social_media,open,0,
user_151,2025-01-24 16:12:40,organic_search,click,0,
user_476,2025-01-13 23:45:30,social_media,click,0,
user_999,2025-01-05 14:05:02,display_ads,conversion,1,3.0
user_444,2025-01-23 09:46:38,social_media,open,0,
user_127,2025-01-02 02:58:17,display_ads,open,0,
user_534,2025-01-20 01:27:55,social_media,click,0,
user_155,2025-01-07 18:50:35,direct,open,0,
user_396,2025-01-05 11:16:36,email,click,0,
user_430,2025-01-25 01:04:04,direct,open,0,
user_342,2025-01-19 09:31:27,display_ads,click,0,
user_518,2025-01-19 00:45:07,social_media,click,0,
user_470,2025-01-09 01:45:25,organic_search,click,0,
user_63,2025-01-08 14:18:49,social_media,click,0,
user_911,2025-01-11 04:35:57,display_ads,open,0,
user_132,2025-01-05 11:15:03,email,click,0,
user_148,2025-01-20 07:45:31,email,open,0,
user_245,2025-01-10 12:48:35,social_media,click,0,
user_565,2025-01-16 07:28:24,direct,click,0,
user_700,2025-01-07 12:43:38,email,open,0,
user_298,2025-01-22 21:31:10,social_media,open,0,
user_979,2025-01-03 12:28:44,social_media,click,0,
user_9,2025-01-18 15:18:48,email,open,0,
user_490,2025-01-12 08:04:19,display_ads,open,0,
user_863,2025-01-22 03:11:47,social_media,open,0,
user_110,2025-01-06 16:08:42,display_ads,open,0,
user_903,2025-01-10 19:54:21,direct,click,0,
user_800,2025-01-03 05:03:42,email,click,0,
user_477,2025-01-21 11:18:32,email,open,0,
user_289,2025-01-08 23:07:04,display_ads,open,0,
user_788,2025-01-13 11:27:30,social_media,click,0,
user_629,2025-01-05 23:17:02,social_media,click,0,
user_978,2025-01-20 01:25:41,direct,click,0,
user_32,2025-01-02 15:31:13,email,click,0,
user_615,2025-01-23 00:10:21,display_ads,open,0,
user_289,2025-01-05 20:40:35,social_media,open,0,
user_649,2025-01-13 21:22:56,social_media,click,0,
user_732,2025-01-04 00:05:02,display_ads,open,0,
user_551,2025-01-12 23:54:17,direct,click,0,
user_42,2025-01-04 11:35:05,email,open,0,
user_146,2025-01-18 05:20:25,social_media,click,0,
user_131,2025-01-23 19:51:31,display_ads,conversion,1,4.0
user_443,2025-01-19 08:36:31,direct,click,0,
user_98,2025-01-08 01:07:40,organic_search,click,0,
user_996,2025-01-18 09:13:58,organic_search,click,0,
user_120,2025-01-06 09:10:27,social_media,open,0,
user_173,2025-01-06 01:27:23,display_ads,open,0,
user_61,2025-01-08 12:52:29,organic_search,click,0,
user_727,2025-01-12 02:21:19,organic_search,open,0,
user_756,2025-01-10 08:37:20,email,open,0,
user_245,2025-01-20 01:37:19,email,click,0,
user_698,2025-01-07 09:43:46,email,open,0,
user_170,2025-01-14 00:34:05,display_ads,open,0,
user_605,2025-01-21 00:40:00,organic_search,click,0,
user_442,2025-01-16 04:53:13,direct,open,0,
user_968,2025-01-17 05:00:07,direct,click,0,
user_519,2025-01-21 18:48:53,organic_search,click,0,
user_993,2025-01-18 18:30:37,email,click,0,
user_531,2025-01-23 22:28:22,organic_search,click,0,
user_901,2025-01-10 19:24:16,social_media,click,0,
user_123,2025-01-06 18:07:40,direct,click,0,
user_118,2025-01-04 09:39:34,social_media,click,0,
user_601,2025-01-20 17:13:42,organic_search,click,0,
user_364,2025-01-19 12:32:25,organic_search,open,0,
user_324,2025-01-19 21:59:07,email,click,0,
user_580,2025-01-14 14:29:04,organic_search,click,0,
user_640,2025-01-21 01:32:01,email,open,0,
user_894,2025-01-21 17:14:43,social_media,open,0,
user_18,2025-01-10 23:04:28,organic_search,open,0,
user_337,2025-01-16 15:50:57,direct,open,0,
user_520,2025-01-07 23:16:21,social_media,open,0,
user_605,2025-01-08 19:52:39,direct,conversion,1,3.0
user_145,2025-01-07 07:46:07,direct,conversion,1,
user_381,2025-01-06 23:12:25,email,click,0,
user_844,2025-01-14 20:04:11,email,click,0,
user_475,2025-01-06 23:29:04,display_ads,open,0,
user_164,2025-01-17 06:40:36,direct,open,0,
user_734,2025-01-01 21:14:40,organic_search,click,0,
user_795,2025-01-13 22:04:48,direct,click,0,
user_684,2025-01-15 15:41:45,email,open,0,
user_728,2025-01-02 10:08:19,email,click,0,
user_891,2025-01-09 16:01:07,direct,click,0,
user_556,2025-01-22 05:05:42,direct,open,0,
user_83,2025-01-02 01:45:33,email,click,0,
user_967,2025-01-16 05:21:36,social_media,click,0,
user_21,2025-01-12 15:07:48,email,open,0,
user_428,2025-01-01 11:12:39,social_media,conversion,1,4.0
user_583,2025-01-17 16:55:04,organic_search,click,0,
user_839,2025-01-21 01:18:34,email,click,0,
user_654,2025-01-14 07:49:58,direct,open,0,
user_93,2025-01-15 03:13:10,display_ads,click,0,
user_365,2025-01-23 20:13:44,direct,open,0,
user_254,2025-01-08 05:18:17,social_media,open,0,
user_811,2025-01-22 01:27:07,social_media,click,0,
user_27,2025-01-09 12:34:59,social_media,click,0,
user_642,2025-01-21 04:10:29,display_ads,click,0,
user_510,2025-01-25 21:00:18,email,open,0,
user_486,2025-01-18 17:57:40,display_ads,click,0,
user_898,2025-01-07 22:54:53,direct,conversion,1,5.0
user_43,2025-01-06 18:13:53,organic_search,open,0,
user_706,2025-01-03 21:44:29,organic_search,click,0,
user_995,2025-01-09 05:01:03,organic_search,open,0,
user_617,2025-01-02 21:44:34,direct,click,0,
user_153,2025-01-09 01:11:02,social_media,open,0,
user_581,2025-01-23 05:00:41,email,click,0,
user_485,2025-01-17 20:26:04,organic_search,open,0,
user_929,2025-01-11 06:41:11,display_ads,open,0,
user_176,2025-01-01 10:08:30,social_media,open,0,
user_219,2025-01-03 07:52:46,social_media,conversion,1,4.0
user_259,2025-01-08 16:54:54,email,open,0,
user_792,2025-01-02 16:50:12,direct,open,0,
user_589,2025-01-14 02:32:21,direct,click,0,
user_1,2025-01-14 15:48:57,organic_search,click,0,
user_779,2025-01-12 08:05:30,organic_search,conversion,1,1.0
user_456,2025-01-18 20:07:53,direct,open,0,
user_196,2025-01-06 22:51:43,display_ads,open,0,
user_583,2025-01-12 17:29:50,display_ads,open,0,
user_600,2025-01-18 05:53:13,display_ads,open,0,
user_609,2025-01-09 04:10:50,display_ads,click,0,
user_246,2025-01-03 20:16:59,email,open,0,
user_421,2025-01-07 14:01:36,social_media,open,0,
user_320,2025-01-16 13:50:33,social_media,open,0,
user_780,2025-01-24 19:27:35,email,click,0,
user_671,2025-01-19 07:58:17,direct,click,0,
user_683,2025-01-10 01:42:24,display_ads,click,0,
user_483,2025-01-23 15:13:25,display_ads,click,0,
user_158,2025-01-15 09:54:11,organic_search,click,0,
user_906,2025-01-08 03:58:54,display_ads,click,0,
user_144,2025-01-24 12:16:11,email,open,0,
user_870,2025-01-02 18:52:01,email,click,0,
user_2,2025-01-07 23:49:24,social_media,click,0,
user_33,2025-01-18 12:56:43,social_media,click,0,
user_784,2025-01-24 05:52:43,display_ads,click,0,
user_556,2025-01-11 11:48:26,email,click,0,
user_760,2025-01-23 20:49:07,direct,click,0,
user_127,2025-01-17 01:53:56,email,conversion,1,4.0
user_550,2025-01-11 11:14:42,email,click,0,
user_776,2025-01-11 21:38:43,social_media,click,0,
user_60,2025-01-13 22:18:18,organic_search,open,0,
user_593,2025-01-20 21:47:35,direct,click,0,
user_576,2025-01-08 06:19:55,display_ads,click,0,
user_304,2025-01-12 17:36:40,organic_search,click,0,
user_694,2025-01-19 16:36:34,email,click,0,
user_329,2025-01-04 13:07:21,display_ads,open,0,
user_419,2025-01-10 06:12:40,email,open,0,
user_924,2025-01-12 02:15:02,direct,open,0,
user_633,2025-01-11 00:38:34,display_ads,open,0,
user_567,2025-01-05 23:18:58,email,click,0,
user_746,2025-01-10 19:13:58,organic_search,click,0,
user_838,2025-01-18 21:05:03,email,click,0,
user_129,2025-01-03 23:31:33,display_ads,open,0,
user_164,2025-01-18 20:08:37,email,click,0,
user_371,2025-01-10 02:45:58,email,click,0,
user_827,2025-01-09 16:03:49,social_media,click,0,
user_252,2025-01-12 23:55:05,email,click,0,
user_454,2025-01-01 22:07:59,organic_search,open,0,
user_578,2025-01-20 07:16:53,direct,click,0,
user_297,2025-01-05 09:50:16,organic_search,open,0,
user_452,2025-01-03 15:24:03,social_media,open,0,
user_826,2025-01-14 11:15:48,social_media,conversion,1,3.0
user_907,2025-01-16 12:17:50,organic_search,open,0,
user_517,2025-01-02 00:09:24,email,open,0,
user_711,2025-01-11 09:00:55,social_media,click,0,
user_201,2025-01-20 01:33:14,social_media,click,0,
user_796,2025-01-24 03:55:43,email,click,0,
user_827,2025-01-06 08:51:07,email,open,0,
user_528,2025-01-16 11:43:12,social_media,click,0,
user_529,2025-01-11 14:46:43,organic_search,open,0,
user_243,2025-01-15 05:02:37,display_ads,open,0,
user_910,2025-01-12 03:35:06,social_media,open,0,
user_73,2025-01-12 02:52:58,direct,click,0,
user_427,2025-01-01 02:00:17,social_media,click,0,
user_177,2025-01-23 08:27:45,organic_search,click,0,
user_417,2025-01-12 20:09:41,display_ads,click,0,
user_124,2025-01-08 01:43:19,direct,click,0,
user_922,2025-01-14 03:16:03,display_ads,click,0,
user_127,2025-01-06 18:03:02,direct,conversion,1,5.0
user_583,2025-01-23 07:25:52,social_media,open,0,
user_561,2025-01-02 12:06:03,email,open,0,
user_62,2025-01-16 21:17:59,direct,click,0,
user_702,2025-01-14 12:19:38,email,click,0,
user_553,2025-01-07 11:53:57,social_media,click,0,
user_924,2025-01-12 07:26:58,direct,click,0,
user_59,2025-01-24 16:53:19,organic_search,conversion,1,
user_310,2025-01-20 10:03:25,social_media,click,0,
user_511,2025-01-15 00:38:21,social_media,click,0,
user_349,2025-01-14 01:38:32,organic_search,click,0,
user_528,2025-01-21 12:14:06,email,click,0,
user_975,2025-01-09 21:54:37,email,click,0,
user_502,2025-01-17 15:52:18,social_media,click,0,
user_20,2025-01-03 11:25:24,direct,open,0,
user_388,2025-01-05 14:54:53,social_media,open,0,
user_763,2025-01-22 01:10:12,social_media,conversion,1,5.0
user_857,2025-01-09 13:13:12,display_ads,click,0,
user_606,2025-01-04 23:01:03,direct,open,0,
user_415,2025-01-08 22:51:29,organic_search,open,0,
user_372,2025-01-18 02:33:16,display_ads,open,0,
user_983,2025-01-14 11:06:07,social_media,open,0,
user_447,2025-01-03 22:18:01,direct,click,0,
user_505,2025-01-19 01:27:44,social_media,click,0,
user_662,2025-01-04 13:07:18,social_media,open,0,
user_22,2025-01-06 17:53:32,social_media,open,0,
user_61,2025-01-19 17:24:17,direct,click,0,
user_66,2025-01-05 03:14:15,direct,open,0,
user_396,2025-01-05 03:51:33,organic_search,click,0,
user_308,2025-01-11 18:40:06,social_media,click,0,
user_541,2025-01-18 23:52:43,display_ads,click,0,
user_97,2025-01-15 07:30:59,display_ads,click,0,
user_518,2025-01-18 07:17:48,organic_search,click,0,
user_315,2025-01-23 04:46:21,email,open,0,
user_894,2025-01-24 00:05:43,direct,open,0,
user_284,2025-01-11 05:51:22,social_media,open,0,
user_17,2025-01-09 09:23:42,direct,open,0,
user_900,2025-01-17 00:19:14,organic_search,open,0,
user_917,2025-01-24 16:27:18,email,conversion,1,4.0
user_762,2025-01-16 08:24:51,organic_search,click,0,
user_497,2025-01-09 03:28:44,direct,click,0,
user_345,2025-01-19 14:10:08,email,click,0,
user_341,2025-01-07 21:33:55,display_ads,click,0,
user_793,2025-01-20 20:21:38,organic_search,open,0,
user_761,2025-01-24 06:03:19,direct,click,0,
user_293,2025-01-13 05:09:48,email,click,0,
user_603,2025-01-06 11:54:58,email,click,0,
user_857,2025-01-12 12:15:34,display_ads,click,0,
user_477,2025-01-06 23:51:21,organic_search,open,0,
user_789,2025-01-08 11:56:00,direct,click,0,
user_748,2025-01-19 10:05:45,email,conversion,1,4.0
user_689,2025-01-01 05:00:04,social_media,click,0,
user_264,2025-01-19 20:28:35,social_media,conversion,1,3.0
user_949,2025-01-08 01:20:07,organic_search,click,0,
user_272,2025-01-15 02:55:11,social_media,click,0,
user_833,2025-01-08 11:08:21,display_ads,click,0,
user_920,2025-01-18 14:11:27,display_ads,click,0,
user_297,2025-01-18 12:17:59,email,click,0,
user_207,2025-01-06 22:38:38,display_ads,open,0,
user_827,2025-01-05 22:58:49,social_media,click,0,
user_835,2025-01-23 16:51:24,social_media,open,0,
user_81,2025-01-04 14:47:59,display_ads,open,0,
user_409,2025-01-01 20:05:13,display_ads,click,0,
user_834,2025-01-09 18:54:54,social_media,click,0,
user_969,2025-01-02 01:14:31,organic_search,click,0,
user_363,2025-01-05 21:32:26,direct,open,0,
user_397,2025-01-20 04:25:25,email,open,0,
user_165,2025-01-23 05:21:38,organic_search,open,0,
user_802,2025-01-05 09:53:04,direct,open,0,
user_747,2025-01-06 05:25:06,email,click,0,
user_262,2025-01-13 15:29:15,social_media,click,0,
user_695,2025-01-06 18:10:30,display_ads,open,0,
user_565,2025-01-22 11:33:50,display_ads,open,0,
user_352,2025-01-04 08:41:19,organic_search,conversion,1,2.0
user_368,2025-01-24 14:35:16,email,open,0,
user_137,2025-01-15 12:14:18,email,click,0,
user_712,2025-01-14 07:56:55,organic_search,click,0,
user_649,2025-01-23 22:58:28,email,click,0,
user_415,2025-01-21 09:32:44,organic_search,open,0,
user_898,2025-01-19 05:41:59,direct,click,0,
user_315,2025-01-22 04:38:22,email,click,0,
user_940,2025-01-18 07:57:57,social_media,click,0,
user_6,2025-01-21 13:27:15,organic_search,click,0,
user_52,2025-01-07 08:45:03,direct,click,0,
user_36,2025-01-17 21:45:40,direct,open,0,
user_808,2025-01-09 10:43:24,direct,open,0,
user_103,2025-01-18 12:29:01,social_media,open,0,
user_674,2025-01-22 05:13:25,organic_search,click,0,
user_689,2025-01-13 10:52:57,organic_search,open,0,
user_840,2025-01-12 21:46:01,email,click,0,
user_592,2025-01-05 08:08:56,organic_search,click,0,
user_446,2025-01-01 16:00:07,organic_search,open,0,
user_167,2025-01-03 20:05:54,email,click,0,
user_76,2025-01-24 00:54:10,direct,click,0,
user_299,2025-01-03 20:06:32,social_media,click,0,
user_239,2025-01-10 10:20:00,social_media,open,0,
user_40,2025-01-03 14:44:24,direct,open,0,
user_616,2025-01-06 04:49:55,direct,click,0,
user_921,2025-01-13 19:10:21,email,click,0,
user_201,2025-01-14 06:04:01,display_ads,open,0,
user_219,2025-01-05 09:06:24,display_ads,open,0,
user_639,2025-01-22 14:39:50,direct,click,0,
user_300,2025-01-02 02:19:02,email,click,0,
user_788,2025-01-24 16:18:49,social_media,click,0,
user_30,2025-01-23 15:45:32,email,conversion,1,1.0
user_13,2025-01-02 07:18:20,organic_search,click,0,
user_16,2025-01-06 10:30:50,email,open,0,
user_981,2025-01-21 00:58:41,organic_search,open,0,
user_750,2025-01-16 05:06:40,email,click,0,
user_838,2025-01-10 19:15:52,organic_search,open,0,
user_848,2025-01-01 18:43:53,email,click,0,
user_767,2025-01-09 13:19:05,display_ads,open,0,
user_511,2025-01-19 08:48:34,email,conversion,1,4.0
user_159,2025-01-13 15:46:08,organic_search,click,0,
user_349,2025-01-08 01:49:14,email,open,0,
user_568,2025-01-06 20:22:47,display_ads,open,0,
user_6,2025-01-15 06:59:24,organic_search,open,0,
user_356,2025-01-17 07:56:21,direct,open,0,
user_770,2025-01-18 12:58:02,display_ads,click,0,
user_662,2025-01-07 11:15:08,display_ads,click,0,
user_632,2025-01-20 09:18:05,social_media,click,0,
user_308,2025-01-10 14:38:25,social_media,click,0,
user_497,2025-01-15 17:25:24,direct,click,0,
user_479,2025-01-08 01:27:39,display_ads,click,0,
user_137,2025-01-07 23:45:24,organic_search,open,0,
user_697,2025-01-13 08:16:01,social_media,click,0,
user_633,2025-01-03 10:23:31,direct,open,0,
user_593,2025-01-19 07:41:45,organic_search,conversion,1,5.0
user_619,2025-01-10 11:09:55,social_media,click,0,
user_611,2025-01-08 18:24:53,email,open,0,
user_968,2025-01-19 08:11:03,social_media,click,0,
user_142,2025-01-10 17:40:50,direct,conversion,1,3.0
user_393,2025-01-03 03:17:19,display_ads,open,0,
user_95,2025-01-08 22:30:19,display_ads,open,0,
user_991,2025-01-14 22:04:20,email,click,0,
user_798,2025-01-11 06:39:21,display_ads,click,0,
user_146,2025-01-11 15:03:20,organic_search,click,0,
user_883,2025-01-25 21:33:40,direct,open,0,
user_166,2025-01-18 17:10:04,direct,click,0,
user_41,2025-01-15 09:50:04,display_ads,click,0,
user_190,2025-01-07 01:27:04,display_ads,click,0,
user_348,2025-01-07 11:35:13,email,open,0,
user_169,2025-01-17 01:43:43,social_media,conversion,1,5.0
user_22,2025-01-17 08:04:49,email,open,0,
user_96,2025-01-10 10:56:38,display_ads,open,0,
user_215,2025-01-22 03:47:39,organic_search,conversion,1,3.0
user_789,2025-01-01 17:34:54,display_ads,conversion,1,2.0
user_745,2025-01-07 06:19:15,social_media,click,0,
user_979,2025-01-23 00:24:23,display_ads,open,0,
user_192,2025-01-05 12:30:31,organic_search,click,0,
user_845,2025-01-22 02:02:59,direct,click,0,
user_536,2025-01-11 10:58:11,direct,open,0,
user_706,2025-01-10 10:34:37,display_ads,click,0,
user_65,2025-01-17 17:25:19,organic_search,click,0,
user_38,2025-01-14 07:29:01,display_ads,open,0,
user_578,2025-01-16 16:30:43,direct,open,0,
user_761,2025-01-07 00:40:29,email,open,0,
user_978,2025-01-15 21:03:42,social_media,click,0,
user_992,2025-01-17 15:18:47,display_ads,click,0,
user_237,2025-01-12 17:05:12,direct,open,0,
user_440,2025-01-18 16:30:03,social_media,click,0,
user_918,2025-01-19 12:54:07,social_media,click,0,
user_475,2025-01-01 08:33:37,display_ads,conversion,1,5.0
user_174,2025-01-07 23:07:26,organic_search,open,0,
user_15,2025-01-01 13:40:16,direct,open,0,
user_19,2025-01-15 08:21:07,organic_search,conversion,1,5.0
user_663,2025-01-01 12:43:37,email,click,0,
user_58,2025-01-03 23:19:10,display_ads,click,0,
user_31,2025-01-19 15:26:00,display_ads,click,0,
user_289,2025-01-14 09:25:23,display_ads,open,0,
user_193,2025-01-16 17:30:10,organic_search,open,0,
user_463,2025-01-03 08:00:43,direct,click,0,
user_886,2025-01-08 02:44:31,social_media,click,0,
user_297,2025-01-19 01:41:24,organic_search,click,0,
user_294,2025-01-14 03:34:05,display_ads,click,0,
user_358,2025-01-08 09:58:33,email,click,0,
user_577,2025-01-03 03:13:03,direct,click,0,
user_679,2025-01-03 22:42:21,display_ads,click,0,
user_36,2025-01-06 02:40:03,display_ads,click,0,
user_156,2025-01-16 07:46:15,email,conversion,1,3.0
user_140,2025-01-17 05:32:03,display_ads,click,0,
user_963,2025-01-24 20:48:00,email,click,0,
user_420,2025-01-22 12:10:24,direct,click,0,
user_117,2025-01-20 04:38:34,social_media,conversion,1,1.0
user_748,2025-01-09 13:43:39,social_media,open,0,
user_291,2025-01-13 06:23:06,email,click,0,
user_696,2025-01-07 10:46:04,organic_search,open,0,
user_396,2025-01-17 15:35:49,organic_search,click,0,
user_496,2025-01-24 00:35:59,display_ads,click,0,
user_905,2025-01-19 11:11:03,organic_search,open,0,
user_955,2025-01-09 01:08:41,display_ads,click,0,
user_833,2025-01-12 05:43:23,direct,click,0,
user_318,2025-01-05 05:54:08,organic_search,open,0,
user_464,2025-01-16 05:32:17,email,click,0,
user_918,2025-01-24 22:49:51,organic_search,open,0,
user_548,2025-01-13 22:33:23,display_ads,open,0,
user_932,2025-01-02 09:33:21,organic_search,open,0,
user_87,2025-01-20 17:27:22,social_media,open,0,
user_976,2025-01-04 09:17:47,organic_search,open,0,
user_441,2025-01-18 09:30:38,display_ads,conversion,1,3.0
user_515,2025-01-09 15:21:51,direct,click,0,
user_674,2025-01-11 21:25:54,email,open,0,
user_295,2025-01-20 07:06:39,social_media,open,0,
user_127,2025-01-01 14:22:13,display_ads,open,0,
user_805,2025-01-20 22:25:55,display_ads,click,0,
user_903,2025-01-15 12:56:55,social_media,click,0,
user_448,2025-01-16 19:24:21,social_media,open,0,
user_879,2025-01-12 20:49:37,organic_search,click,0,
user_324,2025-01-11 16:46:02,organic_search,click,0,
user_27,2025-01-21 14:49:02,display_ads,click,0,
user_711,2025-01-19 16:10:22,display_ads,open,0,
user_186,2025-01-01 06:13:59,organic_search,open,0,
user_474,2025-01-16 22:21:14,display_ads,click,0,
user_910,2025-01-01 09:58:47,organic_search,click,0,
user_891,2025-01-02 06:26:42,organic_search,click,0,
user_506,2025-01-12 22:52:18,display_ads,click,0,
user_91,2025-01-10 05:57:15,direct,open,0,
user_650,2025-01-15 12:49:43,display_ads,open,0,
user_63,2025-01-01 01:26:40,email,open,0,
user_804,2025-01-11 15:43:16,direct,open,0,
user_360,2025-01-13 00:16:37,email,click,0,
user_160,2025-01-24 03:33:54,direct,open,0,
user_109,2025-01-17 05:53:50,direct,click,0,
user_2,2025-01-22 23:34:43,direct,click,0,
user_150,2025-01-06 15:59:47,display_ads,click,0,
user_66,2025-01-20 04:34:16,display_ads,click,0,
user_74,2025-01-19 11:14:06,social_media,click,0,
user_136,2025-01-23 16:19:43,organic_search,click,0,
user_188,2025-01-09 12:29:06,social_media,click,0,
user_376,2025-01-19 14:16:40,display_ads,open,0,
user_26,2025-01-23 02:57:54,display_ads,conversion,1,1.0
user_353,2025-01-01 03:28:25,social_media,click,0,
user_480,2025-01-17 05:36:08,email,click,0,
user_856,2025-01-14 01:08:25,direct,click,0,
user_250,2025-01-20 07:54:05,social_media,click,0,
user_666,2025-01-04 14:15:05,social_media,click,0,
user_230,2025-01-24 09:41:12,display_ads,conversion,1,2.0
user_336,2025-01-05 02:41:11,email,open,0,
user_348,2025-01-20 00:53:55,display_ads,open,0,
user_878,2025-01-16 05:16:26,organic_search,click,0,
user_804,2025-01-16 09:34:06,social_media,click,0,
user_922,2025-01-07 07:03:13,display_ads,open,0,
user_988,2025-01-24 12:17:45,organic_search,click,0,
user_481,2025-01-15 05:04:53,email,open,0,
user_791,2025-01-15 01:09:04,direct,click,0,
user_857,2025-01-13 03:52:20,display_ads,open,0,
user_618,2025-01-10 01:07:32,social_media,open,0,
user_80,2025-01-05 22:48:56,direct,click,0,
user_872,2025-01-14 13:15:24,organic_search,click,0,
user_795,2025-01-22 09:19:54,direct,click,0,
user_313,2025-01-04 12:58:57,direct,conversion,1,3.0
user_909,2025-01-25 06:28:19,social_media,click,0,
user_805,2025-01-16 08:54:49,organic_search,open,0,
user_909,2025-01-16 23:23:03,display_ads,conversion,1,4.0
user_289,2025-01-07 04:20:04,direct,click,0,
user_868,2025-01-15 09:18:22,direct,open,0,
user_539,2025-01-14 02:00:44,display_ads,open,0,
user_683,2025-01-04 15:09:21,social_media,open,0,
user_871,2025-01-21 16:53:42,social_media,conversion,1,
user_9,2025-01-24 04:22:11,social_media,click,0,
user_177,2025-01-16 16:09:36,social_media,click,0,
user_303,2025-01-04 23:54:28,display_ads,open,0,
user_50,2025-01-05 15:06:10,direct,open,0,
user_14,2025-01-16 01:14:46,display_ads,open,0,
user_462,2025-01-09 11:08:16,social_media,open,0,
user_679,2025-01-18 02:06:14,organic_search,open,0,
user_668,2025-01-12 20:38:09,display_ads,open,0,
user_610,2025-01-03 02:50:06,social_media,click,0,
user_100,2025-01-23 16:21:38,direct,click,0,
user_778,2025-01-12 06:11:29,email,click,0,
user_640,2025-01-06 04:56:43,organic_search,click,0,
user_425,2025-01-04 11:31:18,display_ads,click,0,
user_313,2025-01-05 03:41:16,email,click,0,
user_534,2025-01-09 03:47:20,email,conversion,1,3.0
user_305,2025-01-06 13:49:05,email,conversion,1,3.0
user_369,2025-01-16 02:58:14,direct,click,0,
user_327,2025-01-13 19:29:38,email,open,0,
user_74,2025-01-06 15:13:11,display_ads,open,0,
user_307,2025-01-10 04:00:18,email,click,0,
user_750,2025-01-09 09:29:02,social_media,click,0,
user_858,2025-01-04 00:02:37,social_media,open,0,
user_961,2025-01-19 01:55:46,organic_search,click,0,
user_343,2025-01-23 10:33:47,direct,open,0,
user_287,2025-01-06 20:32:35,display_ads,click,0,
user_99,2025-01-23 07:02:32,email,click,0,
user_563,2025-01-09 11:25:21,organic_search,click,0,
user_819,2025-01-10 00:19:04,display_ads,click,0,
user_160,2025-01-07 05:16:19,email,open,0,
user_987,2025-01-03 00:17:27,social_media,conversion,1,4.0
user_183,2025-01-24 16:47:41,display_ads,conversion,1,2.0
user_704,2025-01-02 15:52:21,direct,open,0,
user_731,2025-01-04 04:05:24,organic_search,click,0,
user_961,2025-01-15 17:08:40,display_ads,click,0,
user_4,2025-01-12 21:24:05,email,click,0,
user_355,2025-01-07 21:34:08,direct,open,0,
user_133,2025-01-03 02:31:09,social_media,conversion,1,1.0
user_195,2025-01-20 04:36:18,display_ads,click,0,
user_664,2025-01-07 08:48:26,display_ads,click,0,
user_653,2025-01-10 20:11:42,organic_search,conversion,1,2.0
user_52,2025-01-18 23:29:38,display_ads,click,0,
user_660,2025-01-17 17:06:35,display_ads,open,0,
user_42,2025-01-23 07:32:28,display_ads,open,0,
user_245,2025-01-06 15:23:54,email,open,0,
user_50,2025-01-08 23:10:07,social_media,click,0,
user_253,2025-01-12 01:16:27,social_media,click,0,
user_519,2025-01-10 20:50:35,direct,click,0,
user_7,2025-01-20 14:01:46,display_ads,open,0,
user_175,2025-01-09 12:23:27,direct,conversion,1,1.0
user_64,2025-01-20 18:52:39,direct,open,0,
user_645,2025-01-08 05:58:31,email,conversion,1,
user_100,2025-01-12 20:21:53,direct,click,0,
user_828,2025-01-15 11:10:34,email,open,0,
user_88,2025-01-09 23:09:11,direct,conversion,1,1.0
user_308,2025-01-14 02:21:57,direct,click,0,
user_477,2025-01-11 08:41:25,organic_search,click,0,
user_644,2025-01-17 17:55:16,social_media,open,0,
user_498,2025-01-06 13:08:44,display_ads,open,0,
user_19,2025-01-02 16:31:23,social_media,click,0,
user_432,2025-01-21 22:19:54,direct,conversion,1,3.0
user_473,2025-01-24 11:27:21,display_ads,click,0,
user_15,2025-01-22 05:11:28,display_ads,conversion,1,5.0
user_209,2025-01-04 07:19:56,display_ads,open,0,
user_957,2025-01-18 01:21:39,direct,open,0,
user_910,2025-01-11 09:13:08,email,click,0,
user_485,2025-01-12 21:52:32,email,open,0,
user_810,2025-01-04 11:19:25,email,open,0,
user_39,2025-01-03 08:18:29,direct,open,0,
user_34,2025-01-14 06:44:10,organic_search,click,0,
user_383,2025-01-02 06:55:42,direct,click,0,
user_376,2025-01-24 10:39:19,social_media,click,0,
user_565,2025-01-22 01:15:15,direct,open,0,
user_129,2025-01-24 18:39:26,email,conversion,1,
user_973,2025-01-24 21:37:17,social_media,open,0,
user_224,2025-01-20 07:36:43,organic_search,open,0,
user_681,2025-01-09 14:29:27,email,click,0,
user_723,2025-01-21 08:49:25,organic_search,click,0,
user_843,2025-01-06 23:35:49,direct,conversion,1,4.0
user_628,2025-01-09 02:58:07,email,open,0,
user_47,2025-01-12 06:24:21,social_media,open,0,
user_588,2025-01-20 17:03:21,social_media,conversion,1,5.0
user_137,2025-01-09 09:34:51,display_ads,open,0,
user_771,2025-01-20 14:21:51,display_ads,open,0,
user_906,2025-01-05 07:46:11,social_media,open,0,
user_482,2025-01-11 01:42:44,social_media,click,0,
user_982,2025-01-15 04:33:15,email,click,0,
user_850,2025-01-10 10:52:25,email,click,0,
user_352,2025-01-21 15:48:55,social_media,open,0,
user_626,2025-01-25 02:14:33,email,click,0,
user_285,2025-01-21 19:25:35,email,open,0,
user_801,2025-01-25 16:25:28,display_ads,open,0,
user_472,2025-01-18 05:53:02,display_ads,open,0,
user_176,2025-01-17 04:49:47,email,open,0,
user_262,2025-01-13 14:17:38,email,click,0,
user_813,2025-01-01 01:17:57,direct,open,0,
user_658,2025-01-18 06:31:19,organic_search,open,0,
user_38,2025-01-06 18:09:47,direct,open,0,
user_564,2025-01-09 13:54:09,display_ads,click,0,
user_859,2025-01-19 14:18:18,organic_search,click,0,
user_167,2025-01-15 18:35:26,organic_search,click,0,
user_832,2025-01-21 05:49:06,email,open,0,
user_459,2025-01-14 01:50:31,social_media,click,0,
user_593,2025-01-12 14:08:18,organic_search,click,0,
user_86,2025-01-13 09:09:53,display_ads,click,0,
user_204,2025-01-04 23:15:30,social_media,click,0,
user_903,2025-01-05 02:17:54,email,open,0,
user_718,2025-01-21 06:16:07,display_ads,click,0,
user_245,2025-01-13 18:57:47,display_ads,open,0,
user_104,2025-01-11 12:32:40,email,open,0,
user_273,2025-01-07 04:44:53,direct,click,0,
user_974,2025-01-02 00:53:06,organic_search,click,0,
user_68,2025-01-10 11:20:39,social_media,click,0,
user_974,2025-01-18 22:44:05,direct,click,0,
user_466,2025-01-09 13:45:30,direct,open,0,
user_800,2025-01-25 20:04:19,display_ads,click,0,
user_801,2025-01-18 16:37:58,direct,conversion,1,2.0
user_113,2025-01-15 14:22:08,direct,open,0,
user_860,2025-01-16 10:59:58,social_media,open,0,
user_25,2025-01-16 23:37:32,email,click,0,
user_113,2025-01-25 09:59:05,email,open,0,
user_17,2025-01-11 21:41:35,display_ads,open,0,
user_128,2025-01-13 16:37:14,organic_search,click,0,
user_495,2025-01-05 03:18:51,organic_search,click,0,
user_459,2025-01-20 15:07:40,email,open,0,
user_61,2025-01-17 01:57:43,organic_search,open,0,
user_679,2025-01-13 17:38:05,social_media,open,0,
user_463,2025-01-14 12:49:14,direct,click,0,
user_764,2025-01-11 16:01:12,organic_search,open,0,
user_544,2025-01-18 01:42:55,direct,click,0,
user_391,2025-01-17 13:05:02,social_media,click,0,
user_628,2025-01-23 22:11:38,display_ads,click,0,
user_952,2025-01-02 11:28:29,direct,open,0,
user_811,2025-01-23 20:00:21,email,click,0,
user_862,2025-01-25 15:22:38,social_media,open,0,
user_760,2025-01-08 03:10:19,direct,click,0,
user_96,2025-01-01 12:02:57,direct,click,0,
user_213,2025-01-16 00:50:45,direct,click,0,
user_4,2025-01-08 06:45:49,email,conversion,1,2.0
user_167,2025-01-23 03:36:18,social_media,click,0,
user_614,2025-01-22 01:16:12,social_media,click,0,
user_639,2025-01-21 14:00:27,direct,open,0,
user_485,2025-01-20 13:17:20,social_media,open,0,
user_136,2025-01-18 15:49:22,email,click,0,
user_68,2025-01-17 14:34:12,organic_search,conversion,1,4.0
user_265,2025-01-11 02:27:18,display_ads,open,0,
user_560,2025-01-18 16:56:01,display_ads,click,0,
user_344,2025-01-15 21:47:26,direct,click,0,
user_950,2025-01-07 14:04:55,direct,open,0,
user_183,2025-01-15 16:20:53,display_ads,open,0,
user_973,2025-01-05 21:48:23,display_ads,open,0,
user_786,2025-01-07 19:34:54,display_ads,open,0,
user_553,2025-01-10 06:35:30,email,open,0,
user_192,2025-01-18 12:59:06,direct,click,0,
user_876,2025-01-19 06:12:47,email,open,0,
user_488,2025-01-13 08:48:14,organic_search,click,0,
user_121,2025-01-13 09:45:25,display_ads,open,0,
user_508,2025-01-24 19:40:10,organic_search,click,0,
user_353,2025-01-10 10:51:17,display_ads,click,0,
user_58,2025-01-21 05:30:27,social_media,conversion,1,5.0
user_512,2025-01-17 22:55:38,organic_search,click,0,
user_51,2025-01-17 08:52:27,direct,open,0,
user_542,2025-01-02 05:46:01,email,open,0,
user_627,2025-01-10 11:11:05,email,click,0,
user_42,2025-01-20 13:21:55,social_media,click,0,
user_713,2025-01-07 01:44:15,display_ads,open,0,
user_421,2025-01-25 10:21:21,display_ads,open,0,
user_207,2025-01-18 02:38:37,organic_search,click,0,
user_687,2025-01-21 14:49:04,direct,open,0,
user_167,2025-01-02 13:05:12,direct,click,0,
user_645,2025-01-23 06:12:45,organic_search,open,0,
user_347,2025-01-15 06:23:26,organic_search,open,0,
user_930,2025-01-03 16:23:02,display_ads,click,0,
user_814,2025-01-22 00:51:34,email,open,0,
user_129,2025-01-15 03:19:36,email,open,0,
user_540,2025-01-07 13:18:33,social_media,conversion,1,3.0
user_591,2025-01-02 08:43:35,direct,open,0,
user_171,2025-01-18 17:14:17,organic_search,conversion,1,1.0
user_425,2025-01-24 23:00:59,social_media,conversion,1,
user_470,2025-01-24 10:54:11,organic_search,click,0,
user_531,2025-01-02 00:53:57,organic_search,click,0,
user_258,2025-01-24 02:26:52,social_media,click,0,
user_473,2025-01-11 15:37:47,display_ads,click,0,
user_497,2025-01-13 23:06:07,organic_search,open,0,
user_867,2025-01-20 13:49:46,email,click,0,
user_565,2025-01-25 09:30:05,display_ads,conversion,1,
user_493,2025-01-22 10:53:45,organic_search,click,0,
user_510,2025-01-15 10:16:27,display_ads,click,0,
user_109,2025-01-03 21:40:44,social_media,open,0,
user_678,2025-01-25 15:39:53,display_ads,click,0,
user_325,2025-01-12 11:41:35,social_media,open,0,
user_469,2025-01-18 08:07:34,display_ads,conversion,1,3.0
user_894,2025-01-21 09:15:28,email,click,0,
user_609,2025-01-08 20:53:01,direct,open,0,
user_499,2025-01-20 04:33:17,display_ads,click,0,
user_78,2025-01-17 14:37:22,organic_search,open,0,
user_582,2025-01-02 03:47:06,direct,click,0,
user_681,2025-01-22 14:27:42,social_media,click,0,
user_319,2025-01-07 18:14:17,email,open,0,
user_11,2025-01-05 21:53:41,email,open,0,
user_432,2025-01-15 08:56:23,display_ads,click,0,
user_367,2025-01-18 08:58:42,email,click,0,
user_248,2025-01-09 12:41:20,social_media,open,0,
user_352,2025-01-09 10:01:59,direct,click,0,
user_528,2025-01-07 01:35:42,display_ads,open,0,
user_176,2025-01-16 16:02:13,direct,click,0,
user_998,2025-01-15 22:50:14,organic_search,click,0,
user_293,2025-01-09 05:08:55,direct,open,0,
user_441,2025-01-22 22:05:19,email,conversion,1,5.0
user_509,2025-01-05 04:22:05,direct,conversion,1,3.0
user_560,2025-01-06 10:12:07,direct,open,0,
user_507,2025-01-22 09:23:32,direct,open,0,
user_75,2025-01-14 19:52:46,direct,open,0,
user_539,2025-01-01 23:06:16,display_ads,click,0,
user_753,2025-01-22 05:09:43,organic_search,click,0,
user_401,2025-01-19 16:55:49,organic_search,open,0,
user_596,2025-01-05 22:30:57,direct,click,0,
user_327,2025-01-05 19:43:35,social_media,open,0,
user_596,2025-01-12 14:46:45,direct,open,0,
user_279,2025-01-06 07:17:53,social_media,click,0,
user_544,2025-01-13 12:22:51,email,open,0,
user_826,2025-01-20 04:58:41,display_ads,open,0,
user_677,2025-01-07 16:43:16,display_ads,click,0,
user_12,2025-01-12 00:21:16,social_media,click,0,
user_661,2025-01-08 07:15:34,direct,open,0,
user_655,2025-01-23 09:36:51,social_media,open,0,
user_889,2025-01-02 19:10:58,social_media,open,0,
user_139,2025-01-01 09:45:41,organic_search,open,0,
user_241,2025-01-06 16:53:05,display_ads,click,0,
user_672,2025-01-17 22:54:42,organic_search,click,0,
user_609,2025-01-05 08:15:18,social_media,open,0,
user_979,2025-01-16 05:25:04,direct,click,0,
user_335,2025-01-11 16:41:19,email,click,0,
user_432,2025-01-11 16:23:49,email,click,0,
user_885,2025-01-11 11:10:59,email,click,0,
user_722,2025-01-02 17:41:44,email,open,0,
user_612,2025-01-08 23:29:38,display_ads,conversion,1,4.0
user_193,2025-01-22 12:41:48,social_media,click,0,
user_877,2025-01-22 22:12:35,social_media,open,0,
user_367,2025-01-11 05:26:02,display_ads,open,0,
user_283,2025-01-09 22:32:43,display_ads,click,0,
user_961,2025-01-03 11:40:33,email,open,0,
user_480,2025-01-06 11:58:57,display_ads,conversion,1,
user_395,2025-01-09 03:18:48,direct,click,0,
user_493,2025-01-24 17:45:00,display_ads,click,0,
user_390,2025-01-08 13:34:45,display_ads,open,0,
user_145,2025-01-07 15:15:04,email,open,0,
user_752,2025-01-10 07:33:25,direct,click,0,
user_884,2025-01-05 16:30:26,organic_search,click,0,
user_793,2025-01-06 23:28:36,display_ads,click,0,
user_876,2025-01-14 11:11:36,display_ads,click,0,
user_236,2025-01-22 00:09:37,direct,open,0,
user_71,2025-01-05 10:33:43,direct,click,0,
user_829,2025-01-23 23:44:12,direct,open,0,
user_525,2025-01-08 16:13:51,display_ads,open,0,
user_283,2025-01-19 07:33:52,social_media,click,0,
user_797,2025-01-21 12:58:14,email,open,0,
user_826,2025-01-16 12:51:42,direct,click,0,
user_412,2025-01-03 16:56:30,display_ads,conversion,1,2.0
user_474,2025-01-03 16:45:56,display_ads,click,0,
user_979,2025-01-01 07:55:44,social_media,open,0,
user_917,2025-01-19 07:28:55,social_media,click,0,
user_232,2025-01-17 02:11:31,direct,click,0,
user_921,2025-01-05 18:26:51,social_media,open,0,
user_888,2025-01-04 04:37:19,email,open,0,
user_869,2025-01-08 14:53:56,direct,click,0,
user_983,2025-01-02 23:51:34,organic_search,open,0,
user_758,2025-01-12 03:00:02,direct,open,0,
user_325,2025-01-06 15:42:19,email,open,0,
user_462,2025-01-18 05:43:00,organic_search,click,0,
user_690,2025-01-01 03:20:33,display_ads,open,0,
user_63,2025-01-07 03:21:39,direct,open,0,
user_908,2025-01-24 04:40:13,direct,click,0,
user_302,2025-01-06 15:41:40,display_ads,open,0,
user_412,2025-01-23 01:42:51,direct,open,0,
user_885,2025-01-21 07:57:17,organic_search,click,0,
user_79,2025-01-05 17:58:40,direct,click,0,
user_739,2025-01-15 06:49:58,email,open,0,
user_108,2025-01-09 01:52:48,social_media,click,0,
user_362,2025-01-22 14:41:48,social_media,click,0,
user_836,2025-01-18 12:30:14,social_media,open,0,
user_394,2025-01-22 07:26:22,email,click,0,
user_455,2025-01-18 17:35:11,display_ads,conversion,1,5.0
user_728,2025-01-24 16:26:21,direct,click,0,
user_727,2025-01-10 14:11:00,display_ads,conversion,1,1.0
user_202,2025-01-05 23:31:27,direct,open,0,
user_901,2025-01-19 23:23:03,email,click,0,
user_371,2025-01-15 09:21:21,display_ads,click,0,
user_365,2025-01-05 07:54:27,email,open,0,
user_252,2025-01-15 08:32:47,display_ads,click,0,
user_886,2025-01-07 20:32:12,direct,open,0,
user_895,2025-01-25 20:13:37,direct,open,0,
user_801,2025-01-09 19:42:55,email,open,0,
user_251,2025-01-05 20:41:20,direct,click,0,
user_672,2025-01-07 05:48:21,direct,click,0,
user_514,2025-01-22 05:17:14,email,click,0,
user_534,2025-01-16 16:09:20,organic_search,open,0,
user_532,2025-01-01 07:23:19,organic_search,conversion,1,1.0
user_652,2025-01-20 18:04:14,organic_search,click,0,
user_23,2025-01-05 03:19:21,social_media,open,0,
user_852,2025-01-12 10:46:19,email,open,0,
user_22,2025-01-20 19:01:19,social_media,conversion,1,2.0
user_100,2025-01-08 03:24:58,direct,open,0,
user_190,2025-01-16 09:55:28,display_ads,open,0,
user_581,2025-01-08 11:43:10,organic_search,open,0,
user_637,2025-01-06 00:34:33,organic_search,open,0,
user_802,2025-01-06 02:03:39,organic_search,click,0,
user_891,2025-01-08 12:05:12,direct,click,0,
user_333,2025-01-04 08:51:42,email,conversion,1,1.0
user_272,2025-01-08 17:19:26,organic_search,click,0,
user_833,2025-01-25 13:14:05,email,click,0,
user_38,2025-01-01 20:01:40,social_media,click,0,
user_89,2025-01-06 19:15:48,social_media,click,0,
user_822,2025-01-21 08:24:51,display_ads,open,0,
user_324,2025-01-22 15:22:40,display_ads,click,0,
user_502,2025-01-18 08:48:41,email,click,0,
user_811,2025-01-07 16:30:53,display_ads,open,0,
user_502,2025-01-19 16:16:17,direct,open,0,
user_228,2025-01-25 06:25:39,display_ads,click,0,
user_338,2025-01-23 00:50:42,display_ads,open,0,
user_578,2025-01-18 05:45:29,social_media,click,0,
user_374,2025-01-14 07:14:50,display_ads,click,0,
user_832,2025-01-04 01:39:11,email,click,0,
user_159,2025-01-04 15:34:47,social_media,click,0,
user_231,2025-01-24 14:06:28,social_media,conversion,1,2.0
user_374,2025-01-08 17:37:55,direct,click,0,
user_238,2025-01-12 22:45:29,organic_search,open,0,
user_951,2025-01-14 20:36:45,display_ads,click,0,
user_874,2025-01-17 08:11:26,organic_search,open,0,
user_426,2025-01-11 02:07:17,direct,open,0,
user_247,2025-01-18 22:17:23,organic_search,open,0,
user_672,2025-01-16 13:29:59,email,conversion,1,3.0
user_432,2025-01-14 02:20:13,email,click,0,
user_233,2025-01-06 09:09:19,direct,click,0,
user_538,2025-01-03 03:48:24,display_ads,open,0,
user_85,2025-01-22 01:22:50,display_ads,open,0,
user_906,2025-01-15 03:39:42,direct,conversion,1,4.0
user_882,2025-01-08 16:08:52,organic_search,click,0,
user_853,2025-01-24 22:23:51,display_ads,click,0,
user_787,2025-01-22 03:04:50,direct,click,0,
user_26,2025-01-07 22:06:10,organic_search,click,0,
user_33,2025-01-01 01:45:13,direct,click,0,
user_374,2025-01-15 00:34:24,email,open,0,
user_660,2025-01-14 00:51:45,email,click,0,
user_384,2025-01-22 11:27:45,organic_search,click,0,
user_940,2025-01-19 19:08:20,display_ads,open,0,
user_21,2025-01-25 07:17:21,email,open,0,
user_68,2025-01-15 14:10:41,social_media,click,0,
user_275,2025-01-01 22:26:47,email,open,0,
user_957,2025-01-25 16:48:11,email,click,0,
user_711,2025-01-11 10:16:40,display_ads,click,0,
user_720,2025-01-22 08:07:25,direct,click,0,
user_237,2025-01-13 10:33:04,organic_search,open,0,
user_614,2025-01-12 15:01:31,display_ads,click,0,
user_325,2025-01-05 17:47:49,display_ads,open,0,
user_448,2025-01-07 14:42:39,direct,open,0,
user_840,2025-01-01 04:40:51,display_ads,click,0,
user_66,2025-01-06 17:24:48,display_ads,conversion,1,1.0
user_636,2025-01-03 03:03:49,email,click,0,
user_735,2025-01-15 09:21:01,organic_search,open,0,
user_977,2025-01-01 23:45:43,organic_search,click,0,
user_265,2025-01-14 04:32:24,email,click,0,
user_817,2025-01-21 11:59:39,display_ads,conversion,1,5.0
user_774,2025-01-07 21:23:04,organic_search,click,0,
user_240,2025-01-03 01:33:31,email,open,0,
user_649,2025-01-08 18:28:53,social_media,open,0,
user_955,2025-01-20 17:43:07,direct,open,0,
user_834,2025-01-08 22:12:50,organic_search,open,0,
user_321,2025-01-16 07:57:13,social_media,click,0,
user_342,2025-01-24 00:32:59,display_ads,click,0,
user_437,2025-01-11 05:05:56,display_ads,click,0,
user_363,2025-01-07 18:52:16,organic_search,click,0,
user_723,2025-01-07 01:11:46,email,click,0,
user_864,2025-01-06 00:25:05,display_ads,open,0,
user_161,2025-01-07 09:13:25,social_media,open,0,
user_107,2025-01-03 03:18:57,organic_search,open,0,
user_699,2025-01-07 16:45:10,direct,click,0,
user_956,2025-01-04 22:54:38,direct,click,0,
user_381,2025-01-14 08:43:06,direct,click,0,
user_492,2025-01-08 00:29:10,social_media,click,0,
user_409,2025-01-06 11:34:10,social_media,open,0,
user_631,2025-01-24 10:47:06,direct,click,0,
user_558,2025-01-06 09:52:40,direct,click,0,
user_361,2025-01-12 20:57:05,email,click,0,
user_37,2025-01-23 18:17:42,social_media,click,0,
user_461,2025-01-13 16:03:22,display_ads,click,0,
user_115,2025-01-12 08:33:22,direct,click,0,
user_868,2025-01-09 01:49:53,direct,click,0,
user_195,2025-01-15 07:19:43,email,click,0,
user_882,2025-01-14 00:48:47,email,open,0,
user_226,2025-01-14 09:45:38,email,click,0,
user_648,2025-01-10 17:44:00,email,click,0,
user_382,2025-01-06 20:42:35,organic_search,open,0,
user_325,2025-01-06 02:41:06,email,click,0,
user_173,2025-01-05 07:44:35,email,conversion,1,2.0
user_624,2025-01-19 19:18:05,direct,conversion,1,3.0
user_387,2025-01-15 11:37:14,email,click,0,
user_433,2025-01-16 15:48:49,organic_search,click,0,
user_628,2025-01-13 07:59:16,organic_search,open,0,
user_604,2025-01-11 19:01:02,direct,click,0,
user_869,2025-01-17 04:38:13,social_media,click,0,
user_792,2025-01-21 18:37:56,direct,click,0,
user_331,2025-01-21 20:30:40,email,click,0,
user_774,2025-01-23 20:59:06,direct,open,0,
user_186,2025-01-22 10:23:43,organic_search,click,0,
user_608,2025-01-21 00:45:04,email,click,0,
user_525,2025-01-10 15:41:47,display_ads,open,0,
user_422,2025-01-22 13:13:11,display_ads,open,0,
user_234,2025-01-01 21:10:54,organic_search,conversion,1,1.0
user_841,2025-01-10 03:20:11,organic_search,click,0,
user_369,2025-01-21 15:28:06,email,click,0,
user_137,2025-01-07 17:11:37,email,open,0,
user_881,2025-01-17 05:44:11,email,open,0,
user_793,2025-01-23 19:03:16,social_media,conversion,1,4.0
user_725,2025-01-09 06:31:03,display_ads,conversion,1,4.0
user_319,2025-01-08 15:03:05,direct,click,0,
user_477,2025-01-04 12:16:43,organic_search,conversion,1,1.0
user_953,2025-01-10 05:58:46,social_media,click,0,
user_945,2025-01-14 14:43:57,organic_search,conversion,1,3.0
user_397,2025-01-02 10:54:45,direct,open,0,
user_224,2025-01-20 11:32:06,email,click,0,
user_827,2025-01-03 10:33:06,direct,click,0,
user_251,2025-01-17 07:29:31,organic_search,open,0,
user_31,2025-01-16 23:00:00,direct,click,0,
user_617,2025-01-04 11:37:02,display_ads,click,0,
user_390,2025-01-21 18:28:59,social_media,conversion,1,5.0
user_747,2025-01-16 02:19:50,social_media,conversion,1,3.0
user_771,2025-01-01 21:28:45,direct,open,0,
user_938,2025-01-20 20:53:44,organic_search,open,0,
user_559,2025-01-25 06:50:48,email,click,0,
user_450,2025-01-08 12:11:59,direct,click,0,
user_893,2025-01-17 22:07:33,organic_search,click,0,
user_164,2025-01-23 19:33:29,display_ads,click,0,
user_147,2025-01-20 00:17:21,social_media,click,0,
user_273,2025-01-05 03:22:12,social_media,click,0,
user_290,2025-01-12 17:23:55,display_ads,click,0,
user_141,2025-01-06 08:34:46,display_ads,open,0,
user_869,2025-01-06 04:13:22,direct,open,0,
user_533,2025-01-24 17:45:14,organic_search,click,0,
user_397,2025-01-21 21:43:04,organic_search,click,0,
user_149,2025-01-19 12:52:06,organic_search,open,0,
user_131,2025-01-24 11:39:02,direct,open,0,
user_768,2025-01-09 21:17:28,direct,click,0,
user_98,2025-01-25 14:34:06,email,open,0,
user_862,2025-01-02 09:07:58,email,conversion,1,1.0
user_878,2025-01-11 05:46:23,email,open,0,
user_110,2025-01-18 22:44:42,social_media,click,0,
user_477,2025-01-14 01:39:30,display_ads,click,0,
user_519,2025-01-16 22:49:26,email,click,0,
user_704,2025-01-17 01:59:09,organic_search,open,0,
user_367,2025-01-17 16:24:25,direct,conversion,1,2.0
user_2,2025-01-15 18:40:42,organic_search,click,0,
user_963,2025-01-03 14:32:20,display_ads,click,0,
user_55,2025-01-19 23:58:52,social_media,open,0,
user_922,2025-01-07 01:32:13,social_media,click,0,
user_768,2025-01-17 15:15:19,display_ads,open,0,
user_736,2025-01-08 07:01:26,organic_search,click,0,
user_143,2025-01-13 01:01:03,direct,click,0,
user_800,2025-01-19 03:41:14,display_ads,open,0,
user_498,2025-01-16 08:11:10,social_media,click,0,
user_998,2025-01-03 21:20:23,organic_search,click,0,
user_612,2025-01-03 03:06:11,social_media,click,0,
user_840,2025-01-06 03:13:49,email,open,0,
user_389,2025-01-18 13:27:36,direct,open,0,
user_817,2025-01-07 20:08:55,email,open,0,
user_733,2025-01-04 08:45:00,display_ads,click,0,
user_848,2025-01-11 21:52:49,social_media,click,0,
user_179,2025-01-04 16:02:23,display_ads,conversion,1,3.0
user_763,2025-01-15 08:16:14,email,conversion,1,4.0
user_139,2025-01-25 14:55:47,social_media,open,0,
user_3,2025-01-22 14:27:46,display_ads,click,0,
user_35,2025-01-03 07:49:59,email,open,0,
user_927,2025-01-07 17:07:14,email,click,0,
user_547,2025-01-11 17:28:46,display_ads,open,0,
user_136,2025-01-16 12:29:49,social_media,click,0,
user_126,2025-01-10 03:53:14,direct,open,0,
user_87,2025-01-23 13:42:20,direct,conversion,1,3.0
user_679,2025-01-25 06:58:16,social_media,conversion,1,1.0
user_624,2025-01-03 03:05:53,social_media,conversion,1,2.0
user_701,2025-01-14 03:39:16,organic_search,click,0,
user_499,2025-01-22 02:10:33,direct,click,0,
user_30,2025-01-16 10:23:44,social_media,click,0,
user_167,2025-01-17 15:37:15,organic_search,conversion,1,4.0
user_574,2025-01-05 19:31:26,display_ads,click,0,
user_933,2025-01-13 03:35:45,email,click,0,
user_781,2025-01-21 21:01:02,organic_search,click,0,
user_298,2025-01-09 19:55:39,organic_search,click,0,
user_616,2025-01-10 14:55:27,direct,open,0,
user_887,2025-01-22 00:02:59,organic_search,open,0,
user_370,2025-01-12 18:48:58,email,click,0,
user_365,2025-01-06 01:53:28,social_media,conversion,1,4.0
user_606,2025-01-18 03:57:26,display_ads,click,0,
user_24,2025-01-03 07:56:03,display_ads,conversion,1,4.0
user_94,2025-01-17 07:13:44,organic_search,open,0,
user_495,2025-01-03 08:14:50,organic_search,click,0,
user_308,2025-01-08 18:07:41,social_media,click,0,
user_400,2025-01-18 18:36:20,organic_search,click,0,
user_13,2025-01-11 16:24:16,email,click,0,
user_468,2025-01-23 17:39:54,organic_search,click,0,
user_370,2025-01-02 15:48:59,social_media,click,0,
user_816,2025-01-04 08:17:09,social_media,open,0,
user_596,2025-01-08 13:13:52,organic_search,open,0,
user_850,2025-01-20 18:56:40,direct,click,0,
user_242,2025-01-23 08:50:03,social_media,open,0,
user_387,2025-01-09 02:32:13,social_media,open,0,
user_731,2025-01-13 16:00:39,display_ads,open,0,
user_767,2025-01-22 12:14:41,direct,click,0,
user_484,2025-01-10 13:29:30,organic_search,open,0,
user_835,2025-01-13 03:42:31,display_ads,open,0,
user_180,2025-01-01 19:38:15,display_ads,conversion,1,3.0
user_7,2025-01-11 06:17:11,display_ads,click,0,
user_302,2025-01-01 05:46:40,direct,conversion,1,
user_338,2025-01-18 02:32:14,email,click,0,
user_352,2025-01-16 13:30:39,social_media,click,0,
user_136,2025-01-03 02:47:52,email,open,0,
user_871,2025-01-07 00:41:04,direct,click,0,
user_26,2025-01-14 01:18:52,organic_search,open,0,
user_828,2025-01-21 15:51:15,organic_search,click,0,
user_958,2025-01-16 22:22:45,organic_search,open,0,
user_337,2025-01-02 10:54:49,social_media,open,0,
user_588,2025-01-18 05:57:04,organic_search,click,0,
user_57,2025-01-06 04:31:42,email,click,0,
user_754,2025-01-21 03:49:16,direct,click,0,
user_384,2025-01-05 10:07:49,direct,click,0,
user_67,2025-01-23 03:16:34,direct,click,0,
user_271,2025-01-03 12:27:24,display_ads,click,0,
user_442,2025-01-18 04:26:15,organic_search,click,0,
user_538,2025-01-24 11:44:49,direct,click,0,
user_580,2025-01-10 00:02:00,email,click,0,
user_280,2025-01-05 18:42:34,display_ads,click,0,
user_15,2025-01-08 19:45:39,email,click,0,
user_886,2025-01-22 06:33:21,organic_search,click,0,
user_754,2025-01-16 06:18:01,social_media,click,0,
user_634,2025-01-15 05:19:27,display_ads,click,0,
user_68,2025-01-12 07:41:19,email,conversion,1,2.0
user_114,2025-01-21 07:24:08,organic_search,click,0,
user_827,2025-01-16 06:37:04,social_media,click,0,
user_581,2025-01-15 01:51:26,email,open,0,
user_102,2025-01-23 09:37:57,organic_search,click,0,
user_723,2025-01-06 17:54:57,email,open,0,
user_604,2025-01-23 01:40:10,direct,open,0,
user_710,2025-01-22 08:20:17,display_ads,click,0,
user_310,2025-01-20 23:13:35,direct,conversion,1,4.0
user_88,2025-01-06 22:40:02,direct,click,0,
user_418,2025-01-13 10:56:58,social_media,conversion,1,5.0
user_312,2025-01-17 16:03:10,social_media,click,0,
user_347,2025-01-05 15:51:42,display_ads,open,0,
user_295,2025-01-22 22:02:16,email,click,0,
user_564,2025-01-23 06:12:01,direct,click,0,
user_373,2025-01-14 05:50:55,social_media,open,0,
user_252,2025-01-07 13:26:12,email,open,0,
user_799,2025-01-03 00:14:37,social_media,click,0,
user_719,2025-01-09 04:38:44,display_ads,click,0,
user_40,2025-01-03 00:10:06,direct,open,0,
user_268,2025-01-17 21:03:53,email,conversion,1,4.0
user_619,2025-01-04 23:18:28,organic_search,click,0,
user_869,2025-01-09 00:08:41,social_media,click,0,
user_753,2025-01-18 07:49:18,email,click,0,
user_376,2025-01-25 12:24:51,display_ads,click,0,
user_137,2025-01-16 23:49:59,social_media,click,0,
user_65,2025-01-21 17:17:03,email,open,0,
user_386,2025-01-22 20:50:34,email,open,0,
user_455,2025-01-03 18:39:06,organic_search,conversion,1,3.0
user_609,2025-01-21 11:49:44,direct,open,0,
user_314,2025-01-20 07:43:58,organic_search,click,0,
user_392,2025-01-06 22:53:33,organic_search,open,0,
user_870,2025-01-05 16:51:25,social_media,click,0,
user_806,2025-01-11 11:29:33,direct,open,0,
user_471,2025-01-15 14:14:58,organic_search,click,0,
user_604,2025-01-06 17:01:58,organic_search,conversion,1,3.0
user_559,2025-01-15 20:56:47,social_media,conversion,1,5.0
user_19,2025-01-05 09:40:50,display_ads,open,0,
user_513,2025-01-24 19:18:14,direct,click,0,
user_434,2025-01-17 08:43:54,organic_search,click,0,
user_998,2025-01-14 05:08:45,display_ads,click,0,
user_494,2025-01-10 06:06:36,direct,conversion,1,1.0
user_336,2025-01-10 23:52:49,social_media,click,0,
user_875,2025-01-02 22:01:06,social_media,click,0,
user_488,2025-01-07 21:06:22,email,open,0,
user_610,2025-01-24 14:48:59,social_media,open,0,
user_322,2025-01-11 07:54:44,organic_search,open,0,
user_299,2025-01-21 15:09:52,organic_search,click,0,
user_3,2025-01-05 18:35:40,organic_search,open,0,
user_385,2025-01-17 12:55:51,social_media,open,0,
user_939,2025-01-18 23:33:49,email,click,0,
user_67,2025-01-13 12:49:31,email,click,0,
user_472,2025-01-24 02:26:01,social_media,click,0,
user_392,2025-01-09 03:08:29,display_ads,conversion,1,1.0
user_103,2025-01-15 02:41:31,email,open,0,
user_424,2025-01-20 04:38:27,social_media,click,0,
user_835,2025-01-20 11:13:31,direct,click,0,
user_995,2025-01-20 20:46:11,display_ads,click,0,
user_411,2025-01-19 03:10:27,social_media,open,0,
user_596,2025-01-13 11:13:38,direct,click,0,
user_880,2025-01-11 05:14:07,organic_search,click,0,
user_168,2025-01-03 00:53:12,direct,open,0,
user_15,2025-01-10 20:33:24,organic_search,click,0,
user_712,2025-01-17 03:37:02,direct,click,0,
user_166,2025-01-17 22:26:04,social_media,open,0,
user_473,2025-01-20 08:38:36,email,conversion,1,5.0
user_407,2025-01-14 05:06:57,social_media,click,0,
user_692,2025-01-20 03:58:34,display_ads,open,0,
user_374,2025-01-05 23:16:46,social_media,click,0,
user_712,2025-01-13 16:12:36,direct,open,0,
user_138,2025-01-22 09:13:09,social_media,click,0,
user_774,2025-01-19 11:08:40,direct,click,0,
user_698,2025-01-01 21:06:19,organic_search,click,0,
user_228,2025-01-15 04:26:40,email,conversion,1,2.0
user_981,2025-01-06 19:16:56,organic_search,conversion,1,2.0
user_967,2025-01-16 17:39:40,direct,click,0,
user_517,2025-01-25 09:35:14,direct,conversion,1,4.0
user_905,2025-01-22 11:02:23,email,click,0,
user_440,2025-01-12 11:12:12,email,click,0,
user_503,2025-01-07 17:15:23,display_ads,open,0,
user_506,2025-01-25 10:34:28,direct,click,0,
user_719,2025-01-22 10:25:12,social_media,open,0,
user_820,2025-01-08 19:52:00,display_ads,open,0,
user_560,2025-01-13 01:39:37,direct,open,0,
user_132,2025-01-12 10:53:27,email,open,0,
user_785,2025-01-23 03:58:38,social_media,conversion,1,
user_621,2025-01-16 23:43:57,organic_search,click,0,
user_957,2025-01-16 04:29:17,email,open,0,
user_622,2025-01-07 22:08:16,organic_search,open,0,
user_342,2025-01-07 19:20:45,email,conversion,1,4.0
user_586,2025-01-06 05:46:59,display_ads,click,0,
user_418,2025-01-06 01:54:18,display_ads,click,0,
user_538,2025-01-07 06:02:03,display_ads,open,0,
user_262,2025-01-16 08:59:50,display_ads,click,0,
user_180,2025-01-07 22:31:08,email,click,0,
user_82,2025-01-22 12:49:40,direct,click,0,
user_636,2025-01-13 08:35:17,social_media,open,0,
user_575,2025-01-11 09:34:11,social_media,conversion,1,2.0
user_94,2025-01-24 06:22:02,direct,click,0,
user_868,2025-01-08 20:48:09,direct,open,0,
user_878,2025-01-17 18:58:20,social_media,click,0,
user_431,2025-01-25 17:59:58,social_media,open,0,
user_526,2025-01-06 20:29:38,direct,conversion,1,5.0
user_270,2025-01-15 23:00:31,organic_search,open,0,
user_927,2025-01-04 00:42:38,direct,click,0,
user_80,2025-01-17 06:24:32,social_media,open,0,
user_543,2025-01-25 00:33:58,social_media,open,0,
user_182,2025-01-22 22:18:31,display_ads,open,0,
user_281,2025-01-01 05:35:42,organic_search,open,0,
user_782,2025-01-16 06:53:00,email,click,0,
user_729,2025-01-20 02:15:20,social_media,conversion,1,
user_192,2025-01-20 06:21:20,social_media,click,0,
user_49,2025-01-12 14:47:59,social_media,click,0,
user_366,2025-01-05 17:43:44,email,conversion,1,5.0
user_44,2025-01-14 17:45:25,direct,click,0,
user_126,2025-01-23 21:55:23,organic_search,open,0,
user_232,2025-01-10 20:07:37,email,conversion,1,5.0
user_131,2025-01-09 03:17:05,email,open,0,
user_443,2025-01-22 16:15:23,email,open,0,
user_870,2025-01-02 15:56:48,organic_search,open,0,
user_745,2025-01-18 09:35:51,organic_search,open,0,
user_729,2025-01-14 13:36:18,display_ads,open,0,
user_488,2025-01-07 11:12:07,organic_search,open,0,
user_560,2025-01-24 06:26:44,organic_search,open,0,
user_831,2025-01-24 03:59:58,display_ads,open,0,
user_541,2025-01-14 19:41:21,social_media,click,0,
user_5,2025-01-14 09:26:46,organic_search,open,0,
user_225,2025-01-13 04:01:35,social_media,click,0,
user_15,2025-01-21 00:12:58,email,open,0,
user_644,2025-01-10 04:44:53,direct,click,0,
user_44,2025-01-16 00:10:10,direct,click,0,
user_688,2025-01-17 08:08:32,email,conversion,1,4.0
user_346,2025-01-10 12:24:17,social_media,open,0,
user_120,2025-01-15 23:28:29,organic_search,open,0,
user_126,2025-01-19 13:37:55,email,click,0,
user_809,2025-01-01 08:25:54,direct,click,0,
user_561,2025-01-24 14:58:36,email,conversion,1,5.0
user_744,2025-01-17 19:26:40,email,click,0,
user_7,2025-01-25 08:12:42,organic_search,conversion,1,3.0
user_734,2025-01-09 13:17:04,social_media,conversion,1,2.0
user_667,2025-01-20 10:56:08,direct,open,0,
user_257,2025-01-11 23:45:45,display_ads,click,0,
user_744,2025-01-03 06:06:32,direct,click,0,
user_341,2025-01-09 08:13:57,direct,open,0,
user_563,2025-01-12 00:07:20,organic_search,click,0,
user_75,2025-01-03 19:11:37,email,open,0,
user_176,2025-01-07 19:03:33,display_ads,click,0,
user_826,2025-01-14 08:33:39,organic_search,open,0,
user_483,2025-01-11 19:19:00,social_media,click,0,
user_41,2025-01-11 14:47:06,display_ads,click,0,
user_850,2025-01-11 22:37:56,direct,click,0,
user_353,2025-01-17 09:58:44,email,open,0,
user_856,2025-01-23 10:55:14,social_media,conversion,1,1.0
user_645,2025-01-24 21:07:18,social_media,open,0,
user_171,2025-01-25 17:53:54,organic_search,click,0,
user_334,2025-01-13 18:11:43,display_ads,click,0,
user_527,2025-01-09 18:48:25,email,click,0,
user_386,2025-01-23 06:30:51,email,click,0,
user_24,2025-01-05 00:20:19,display_ads,click,0,
user_907,2025-01-07 11:08:53,social_media,open,0,
user_885,2025-01-20 18:24:14,display_ads,click,0,
user_424,2025-01-23 01:13:15,organic_search,click,0,
user_437,2025-01-20 16:50:04,organic_search,click,0,
user_898,2025-01-05 21:22:54,email,open,0,
user_228,2025-01-11 21:16:34,organic_search,conversion,1,2.0
user_270,2025-01-19 05:06:21,organic_search,click,0,
user_159,2025-01-18 12:34:36,organic_search,open,0,
user_696,2025-01-24 17:20:11,email,click,0,
user_901,2025-01-04 12:26:52,direct,conversion,1,4.0
user_935,2025-01-05 00:07:45,email,open,0,
user_270,2025-01-03 07:14:25,display_ads,open,0,
user_190,2025-01-08 23:46:37,email,open,0,
user_904,2025-01-15 17:29:25,organic_search,conversion,1,3.0
user_851,2025-01-17 18:03:30,display_ads,click,0,
user_546,2025-01-22 02:13:15,organic_search,click,0,
user_875,2025-01-16 19:48:24,display_ads,click,0,
user_748,2025-01-10 13:36:12,email,click,0,
user_837,2025-01-04 05:50:34,direct,conversion,1,
user_52,2025-01-23 04:53:49,direct,open,0,
user_388,2025-01-15 05:59:02,organic_search,open,0,
user_282,2025-01-06 01:49:37,direct,open,0,
user_405,2025-01-07 22:55:46,organic_search,click,0,
user_261,2025-01-18 03:58:56,direct,open,0,
user_302,2025-01-14 23:51:39,organic_search,click,0,
user_180,2025-01-21 22:45:07,social_media,open,0,
user_150,2025-01-19 17:07:19,display_ads,click,0,
user_915,2025-01-19 20:49:04,email,click,0,
user_543,2025-01-09 04:16:09,direct,open,0,
user_668,2025-01-21 08:17:05,email,open,0,
user_720,2025-01-07 13:47:35,organic_search,open,0,
user_909,2025-01-17 14:50:51,direct,open,0,
user_944,2025-01-06 14:51:08,social_media,click,0,
user_937,2025-01-08 10:20:12,display_ads,open,0,
user_281,2025-01-06 08:42:47,email,click,0,
user_875,2025-01-20 17:28:51,social_media,conversion,1,
user_779,2025-01-23 13:59:34,organic_search,click,0,
user_549,2025-01-20 12:26:00,direct,open,0,
user_291,2025-01-21 03:27:09,organic_search,open,0,
user_74,2025-01-07 06:16:19,direct,click,0,
user_816,2025-01-24 22:53:46,social_media,click,0,
user_101,2025-01-07 00:24:51,display_ads,open,0,
user_938,2025-01-05 03:32:12,direct,click,0,
user_469,2025-01-13 05:03:03,email,open,0,
user_479,2025-01-15 17:01:00,organic_search,click,0,
user_199,2025-01-12 08:01:09,email,click,0,
user_918,2025-01-19 11:04:38,email,open,0,
user_35,2025-01-01 14:15:58,direct,click,0,
user_932,2025-01-07 12:48:23,email,click,0,
user_887,2025-01-10 21:39:50,direct,click,0,
user_878,2025-01-14 19:19:47,display_ads,click,0,
user_462,2025-01-12 22:07:49,organic_search,open,0,
user_478,2025-01-17 23:59:18,email,conversion,1,4.0
user_65,2025-01-17 19:11:30,display_ads,open,0,
user_872,2025-01-17 21:03:16,social_media,click,0,
user_122,2025-01-04 10:52:43,display_ads,open,0,
user_150,2025-01-06 22:12:26,social_media,open,0,
user_846,2025-01-06 19:38:14,direct,open,0,
user_674,2025-01-15 20:40:56,organic_search,conversion,1,1.0
user_301,2025-01-13 19:44:49,organic_search,open,0,
user_548,2025-01-19 06:32:22,display_ads,click,0,
user_954,2025-01-18 05:25:54,social_media,click,0,
user_876,2025-01-09 14:18:26,organic_search,open,0,
user_187,2025-01-09 16:51:16,social_media,open,0,
user_735,2025-01-02 09:04:39,organic_search,click,0,
user_897,2025-01-20 12:58:16,social_media,open,0,
user_359,2025-01-09 01:57:44,email,open,0,
user_221,2025-01-03 23:36:23,direct,open,0,
user_126,2025-01-18 23:50:10,email,open,0,
user_149,2025-01-06 07:35:30,email,open,0,
user_661,2025-01-25 08:21:27,direct,open,0,
user_588,2025-01-10 00:20:56,direct,click,0,
user_606,2025-01-12 01:27:32,email,click,0,
user_143,2025-01-16 11:19:08,direct,open,0,
user_444,2025-01-15 21:56:02,organic_search,click,0,
user_460,2025-01-12 11:53:52,display_ads,open,0,
user_1000,2025-01-12 17:02:17,direct,click,0,
user_587,2025-01-18 22:06:01,organic_search,open,0,
user_583,2025-01-07 07:04:46,social_media,conversion,1,1.0
user_361,2025-01-16 04:40:18,direct,click,0,
user_438,2025-01-16 06:24:04,organic_search,open,0,
user_143,2025-01-25 08:20:53,social_media,open,0,
user_81,2025-01-09 22:56:57,email,open,0,
user_411,2025-01-13 16:12:37,email,click,0,
user_232,2025-01-02 04:56:42,display_ads,click,0,
user_506,2025-01-20 16:49:10,display_ads,open,0,
user_280,2025-01-01 05:11:17,direct,click,0,
user_346,2025-01-17 12:45:10,organic_search,click,0,
user_439,2025-01-14 15:05:24,email,click,0,
user_457,2025-01-09 02:52:55,social_media,click,0,
user_205,2025-01-15 07:09:15,social_media,conversion,1,
user_534,2025-01-07 22:13:00,email,open,0,
user_686,2025-01-24 03:42:34,social_media,conversion,1,2.0
user_927,2025-01-24 03:07:04,email,click,0,
user_732,2025-01-14 06:03:43,direct,open,0,
user_50,2025-01-25 01:31:11,social_media,click,0,
user_990,2025-01-07 15:13:18,direct,conversion,1,5.0
user_462,2025-01-13 15:27:28,organic_search,open,0,
user_364,2025-01-02 02:11:46,direct,click,0,
user_245,2025-01-07 21:57:38,organic_search,click,0,
user_342,2025-01-16 11:40:15,organic_search,click,0,
user_730,2025-01-24 23:36:24,email,open,0,
user_826,2025-01-09 16:06:49,email,click,0,
user_337,2025-01-06 19:19:19,organic_search,click,0,
user_736,2025-01-04 00:40:43,social_media,open,0,
user_837,2025-01-25 10:37:13,organic_search,click,0,
user_201,2025-01-08 15:04:46,organic_search,open,0,
user_579,2025-01-25 01:43:43,email,open,0,
user_355,2025-01-05 07:25:20,organic_search,click,0,
user_824,2025-01-01 10:34:59,direct,click,0,
user_609,2025-01-04 02:09:09,social_media,click,0,
user_488,2025-01-19 05:00:18,email,open,0,
user_435,2025-01-04 02:48:39,display_ads,open,0,
user_193,2025-01-21 14:22:25,display_ads,open,0,
user_128,2025-01-01 04:32:29,social_media,click,0,
user_216,2025-01-13 16:08:43,social_media,open,0,
user_104,2025-01-18 15:38:23,email,click,0,
user_32,2025-01-04 06:36:38,organic_search,click,0,
user_26,2025-01-18 00:31:55,email,conversion,1,5.0
user_828,2025-01-15 05:27:14,display_ads,conversion,1,4.0
user_655,2025-01-11 19:22:09,social_media,open,0,
user_302,2025-01-23 13:35:36,email,click,0,
user_600,2025-01-15 09:29:50,social_media,open,0,
user_532,2025-01-02 14:48:53,organic_search,conversion,1,5.0
user_967,2025-01-02 01:24:50,organic_search,conversion,1,1.0
user_867,2025-01-22 06:33:04,direct,click,0,
user_97,2025-01-20 01:15:53,display_ads,open,0,
user_189,2025-01-01 14:16:18,organic_search,open,0,
user_374,2025-01-21 19:54:24,email,conversion,1,2.0
user_77,2025-01-07 17:01:36,organic_search,click,0,
user_525,2025-01-23 09:30:51,social_media,conversion,1,
user_235,2025-01-04 01:51:29,direct,click,0,
user_268,2025-01-16 01:45:54,email,click,0,
user_611,2025-01-23 23:17:44,social_media,click,0,
user_217,2025-01-18 21:39:59,display_ads,open,0,
user_850,2025-01-08 04:09:20,direct,open,0,
user_270,2025-01-19 03:51:23,social_media,open,0,
user_214,2025-01-09 02:49:30,social_media,conversion,1,4.0
user_625,2025-01-17 21:52:16,email,click,0,
user_307,2025-01-03 07:16:59,email,conversion,1,5.0
user_973,2025-01-10 18:51:32,social_media,conversion,1,2.0
user_631,2025-01-20 06:01:36,social_media,open,0,
user_944,2025-01-05 08:02:52,direct,click,0,
user_884,2025-01-13 08:20:47,direct,open,0,
user_32,2025-01-21 03:14:25,direct,open,0,
user_872,2025-01-01 00:39:07,email,open,0,
user_915,2025-01-17 17:23:40,social_media,conversion,1,4.0
user_102,2025-01-25 06:18:13,email,open,0,
user_652,2025-01-24 06:02:45,display_ads,click,0,
user_454,2025-01-22 19:02:08,organic_search,open,0,
user_209,2025-01-13 20:35:59,social_media,click,0,
user_505,2025-01-03 02:49:54,social_media,click,0,
user_571,2025-01-10 07:23:34,display_ads,open,0,
user_80,2025-01-09 03:43:03,organic_search,click,0,
user_121,2025-01-21 17:04:51,social_media,open,0,
user_967,2025-01-17 07:11:31,social_media,click,0,
user_827,2025-01-11 19:29:47,social_media,open,0,
user_877,2025-01-20 11:29:34,direct,open,0,
user_878,2025-01-20 09:01:02,email,open,0,
user_409,2025-01-13 19:18:19,direct,open,0,
user_318,2025-01-07 08:21:40,email,conversion,1,1.0
user_532,2025-01-10 17:10:52,direct,click,0,
user_12,2025-01-15 17:57:25,social_media,conversion,1,1.0
user_347,2025-01-20 00:30:28,social_media,click,0,
user_192,2025-01-21 10:10:00,display_ads,conversion,1,5.0
user_87,2025-01-16 11:59:47,display_ads,open,0,
user_190,2025-01-11 05:51:41,display_ads,open,0,
user_612,2025-01-20 06:23:15,email,conversion,1,1.0
user_816,2025-01-18 22:11:43,display_ads,open,0,
user_515,2025-01-01 12:08:54,direct,click,0,
user_217,2025-01-08 15:29:23,email,open,0,
user_300,2025-01-23 18:08:04,email,open,0,
user_220,2025-01-19 20:33:40,organic_search,click,0,
user_772,2025-01-19 03:18:16,organic_search,click,0,
user_286,2025-01-21 08:50:04,direct,click,0,
user_678,2025-01-20 21:31:46,social_media,click,0,
user_28,2025-01-09 12:35:12,display_ads,click,0,
user_699,2025-01-12 20:43:57,display_ads,open,0,
user_735,2025-01-01 00:28:33,direct,click,0,
user_112,2025-01-10 09:59:20,display_ads,click,0,
user_971,2025-01-15 23:59:56,email,click,0,
user_203,2025-01-03 02:49:50,direct,click,0,
user_369,2025-01-04 14:04:47,direct,conversion,1,4.0
user_370,2025-01-25 01:26:17,organic_search,click,0,
user_527,2025-01-16 17:33:47,email,conversion,1,5.0
user_484,2025-01-08 02:56:36,direct,click,0,
user_640,2025-01-24 07:33:27,display_ads,open,0,
user_814,2025-01-11 01:43:17,display_ads,open,0,
user_952,2025-01-07 08:35:12,email,conversion,1,5.0
user_754,2025-01-17 17:21:58,social_media,click,0,
user_115,2025-01-01 21:51:31,email,click,0,
user_92,2025-01-04 13:41:02,direct,open,0,
user_644,2025-01-23 12:42:31,direct,open,0,
user_87,2025-01-03 07:47:23,social_media,open,0,
user_700,2025-01-02 11:32:30,organic_search,click,0,
user_444,2025-01-04 00:22:32,email,open,0,
user_794,2025-01-22 13:00:57,email,conversion,1,2.0
user_282,2025-01-18 04:15:05,social_media,click,0,
user_701,2025-01-07 23:00:01,social_media,open,0,
user_484,2025-01-23 17:06:35,social_media,click,0,
user_186,2025-01-10 19:12:09,organic_search,conversion,1,4.0
user_608,2025-01-22 02:55:52,email,click,0,
user_536,2025-01-08 23:55:23,organic_search,open,0,
user_98,2025-01-03 19:18:19,email,conversion,1,
user_151,2025-01-09 19:18:32,direct,open,0,
user_752,2025-01-14 05:15:13,direct,click,0,
user_777,2025-01-08 23:20:45,social_media,click,0,
user_459,2025-01-12 01:48:06,direct,open,0,
user_275,2025-01-06 12:44:22,social_media,open,0,
user_39,2025-01-13 15:31:16,email,click,0,
user_513,2025-01-07 01:46:02,display_ads,open,0,
user_37,2025-01-04 16:20:24,direct,click,0,
user_382,2025-01-07 05:31:05,direct,open,0,
user_487,2025-01-24 09:35:09,organic_search,click,0,
user_392,2025-01-13 16:40:30,display_ads,click,0,
user_14,2025-01-05 00:14:09,social_media,click,0,
user_671,2025-01-20 09:24:45,email,click,0,
user_666,2025-01-25 14:51:45,email,click,0,
user_258,2025-01-20 02:10:57,email,conversion,1,2.0
user_574,2025-01-15 14:40:31,email,open,0,
user_165,2025-01-22 13:09:24,email,click,0,
user_67,2025-01-11 15:52:05,display_ads,click,0,
user_124,2025-01-21 13:44:40,social_media,open,0,
user_22,2025-01-06 05:44:46,organic_search,conversion,1,4.0
user_282,2025-01-17 02:16:39,social_media,click,0,
user_231,2025-01-01 01:34:26,organic_search,click,0,
user_954,2025-01-19 00:51:43,display_ads,click,0,
user_99,2025-01-13 16:33:58,social_media,open,0,
user_80,2025-01-03 09:10:28,email,click,0,
user_364,2025-01-01 10:33:10,email,click,0,
user_936,2025-01-20 22:36:30,direct,open,0,
user_266,2025-01-15 08:41:45,social_media,click,0,
user_302,2025-01-15 02:03:44,organic_search,open,0,
user_69,2025-01-25 04:46:55,social_media,open,0,
user_176,2025-01-15 03:58:54,email,open,0,
user_89,2025-01-24 18:29:10,direct,open,0,
user_623,2025-01-13 00:36:25,email,click,0,
user_62,2025-01-18 12:27:17,social_media,open,0,
user_950,2025-01-12 16:10:12,display_ads,conversion,1,2.0
user_297,2025-01-04 11:31:56,organic_search,click,0,
user_763,2025-01-12 16:17:06,email,click,0,
user_720,2025-01-01 07:40:25,social_media,click,0,
user_252,2025-01-10 20:18:56,social_media,open,0,
user_606,2025-01-12 02:43:32,display_ads,click,0,
user_392,2025-01-21 10:52:38,email,click,0,
user_328,2025-01-16 13:35:09,display_ads,click,0,
user_508,2025-01-05 05:35:40,organic_search,click,0,
user_113,2025-01-22 15:34:29,display_ads,click,0,
user_418,2025-01-25 17:10:11,display_ads,open,0,
user_694,2025-01-06 13:47:19,social_media,click,0,
user_76,2025-01-13 16:31:03,display_ads,click,0,
user_950,2025-01-09 17:59:00,social_media,open,0,
user_885,2025-01-22 12:37:24,display_ads,click,0,
user_779,2025-01-07 02:13:19,email,open,0,
user_657,2025-01-08 02:21:55,display_ads,open,0,
user_970,2025-01-05 02:29:15,social_media,click,0,
user_352,2025-01-07 10:23:06,email,conversion,1,5.0
user_892,2025-01-13 06:03:42,email,click,0,
user_287,2025-01-11 10:52:17,organic_search,click,0,
user_130,2025-01-21 10:56:48,display_ads,open,0,
user_334,2025-01-05 15:46:26,organic_search,open,0,
user_478,2025-01-09 16:30:51,email,open,0,
user_384,2025-01-15 13:53:21,direct,open,0,
user_880,2025-01-18 12:03:54,organic_search,open,0,
user_409,2025-01-10 18:22:43,display_ads,click,0,
user_182,2025-01-11 12:04:47,display_ads,click,0,
user_339,2025-01-03 17:02:22,direct,open,0,
user_230,2025-01-06 18:47:32,direct,click,0,
user_942,2025-01-02 09:40:04,email,click,0,
user_586,2025-01-25 21:08:15,social_media,open,0,
user_780,2025-01-05 13:21:49,organic_search,open,0,
user_671,2025-01-17 15:28:24,direct,open,0,
user_14,2025-01-01 14:46:15,display_ads,click,0,
user_371,2025-01-21 10:53:50,direct,click,0,
user_823,2025-01-05 16:35:00,social_media,open,0,
user_15,2025-01-24 10:03:56,direct,click,0,
user_262,2025-01-17 11:26:23,social_media,click,0,
user_483,2025-01-25 05:44:16,display_ads,open,0,
user_168,2025-01-21 11:11:58,social_media,open,0,
user_683,2025-01-04 17:49:36,direct,open,0,
user_691,2025-01-22 22:48:26,direct,open,0,
user_380,2025-01-09 13:39:35,display_ads,click,0,
user_433,2025-01-23 08:27:57,email,open,0,
user_959,2025-01-21 05:00:06,email,click,0,
user_676,2025-01-01 00:46:00,email,open,0,
user_533,2025-01-16 21:40:46,display_ads,open,0,
user_444,2025-01-06 09:36:25,organic_search,click,0,
user_11,2025-01-17 01:41:24,organic_search,open,0,
user_810,2025-01-23 01:22:50,email,conversion,1,2.0
user_985,2025-01-02 12:55:07,email,open,0,
user_5,2025-01-21 13:56:25,social_media,conversion,1,1.0
user_583,2025-01-08 10:18:06,display_ads,click,0,
user_803,2025-01-03 12:48:18,display_ads,click,0,
user_137,2025-01-24 23:18:26,direct,open,0,
user_571,2025-01-19 15:49:17,display_ads,click,0,
user_741,2025-01-15 18:25:21,email,open,0,
user_444,2025-01-22 00:11:38,email,conversion,1,
user_798,2025-01-23 08:37:00,organic_search,open,0,
user_159,2025-01-04 20:21:20,display_ads,click,0,
user_382,2025-01-08 23:41:23,social_media,open,0,
user_894,2025-01-17 07:43:22,organic_search,open,0,
user_368,2025-01-14 11:55:45,display_ads,click,0,
user_792,2025-01-06 17:31:41,direct,click,0,
user_598,2025-01-12 04:00:50,social_media,open,0,
user_834,2025-01-11 04:40:49,display_ads,click,0,
user_837,2025-01-10 17:03:16,organic_search,open,0,
user_774,2025-01-04 19:55:29,social_media,open,0,
user_208,2025-01-03 19:17:55,email,open,0,
user_852,2025-01-11 09:35:11,social_media,click,0,
user_114,2025-01-18 02:27:58,direct,click,0,
user_470,2025-01-24 13:16:05,organic_search,open,0,
user_857,2025-01-12 13:38:46,direct,click,0,
user_225,2025-01-05 19:27:57,social_media,click,0,
user_86,2025-01-08 17:22:18,email,click,0,
user_355,2025-01-06 05:10:50,display_ads,click,0,
user_930,2025-01-01 09:33:01,direct,click,0,
user_647,2025-01-15 11:50:44,organic_search,open,0,
user_341,2025-01-19 23:12:36,email,open,0,
user_226,2025-01-07 09:43:36,social_media,click,0,
user_461,2025-01-05 18:53:47,organic_search,click,0,
user_514,2025-01-15 03:25:39,display_ads,open,0,
user_251,2025-01-24 10:22:22,display_ads,click,0,
user_630,2025-01-10 10:11:23,email,open,0,
user_959,2025-01-10 21:13:34,email,click,0,
user_872,2025-01-10 10:02:19,direct,click,0,
user_45,2025-01-21 21:15:57,organic_search,click,0,
user_749,2025-01-05 01:16:16,display_ads,conversion,1,
user_912,2025-01-07 11:49:07,email,open,0,
user_720,2025-01-14 22:42:30,email,click,0,
user_190,2025-01-16 09:33:31,social_media,click,0,
user_30,2025-01-15 22:46:40,organic_search,open,0,
user_133,2025-01-20 13:56:40,social_media,open,0,
user_309,2025-01-22 00:39:04,direct,open,0,
user_814,2025-01-11 03:13:51,social_media,click,0,
user_823,2025-01-16 13:02:06,social_media,conversion,1,5.0
user_858,2025-01-12 01:32:34,email,click,0,
user_191,2025-01-02 13:20:11,email,click,0,
user_64,2025-01-17 15:27:42,display_ads,open,0,
user_301,2025-01-22 08:06:42,direct,click,0,
user_669,2025-01-21 12:44:58,social_media,click,0,
user_443,2025-01-17 01:48:29,organic_search,open,0,
user_226,2025-01-07 02:54:24,organic_search,click,0,
user_61,2025-01-17 21:09:50,display_ads,open,0,
user_818,2025-01-08 01:50:19,direct,click,0,
user_950,2025-01-19 18:00:55,display_ads,open,0,
user_279,2025-01-09 23:45:24,organic_search,click,0,
user_812,2025-01-20 14:28:51,direct,click,0,
user_555,2025-01-09 14:20:21,direct,click,0,
user_974,2025-01-20 23:30:14,organic_search,click,0,
user_19,2025-01-12 21:31:36,direct,click,0,
user_319,2025-01-12 08:05:17,email,click,0,
user_376,2025-01-17 12:37:57,display_ads,click,0,
user_617,2025-01-16 01:05:04,organic_search,click,0,
user_802,2025-01-23 07:02:40,social_media,open,0,
user_56,2025-01-06 21:34:07,social_media,open,0,
user_820,2025-01-04 04:40:18,organic_search,open,0,
user_811,2025-01-02 20:45:55,email,click,0,
user_389,2025-01-24 07:58:09,email,click,0,
user_230,2025-01-09 05:11:42,social_media,conversion,1,1.0
user_940,2025-01-21 10:00:39,organic_search,click,0,
user_296,2025-01-02 10:55:06,social_media,click,0,
user_58,2025-01-25 00:54:35,organic_search,open,0,
user_1,2025-01-17 13:24:55,display_ads,click,0,
user_932,2025-01-02 19:18:09,direct,click,0,
user_512,2025-01-04 13:48:11,organic_search,click,0,
user_325,2025-01-21 13:05:58,email,click,0,
user_912,2025-01-10 08:52:45,display_ads,open,0,
user_287,2025-01-19 15:32:28,display_ads,click,0,
user_739,2025-01-04 15:24:34,direct,click,0,
user_832,2025-01-07 19:10:08,organic_search,open,0,
user_758,2025-01-03 03:10:26,social_media,open,0,
user_404,2025-01-10 10:46:13,display_ads,click,0,
user_462,2025-01-06 05:45:42,display_ads,open,0,
user_659,2025-01-11 09:26:23,email,open,0,
user_531,2025-01-02 19:45:41,organic_search,open,0,
user_275,2025-01-21 05:08:34,social_media,click,0,
user_685,2025-01-13 01:02:35,social_media,conversion,1,4.0
user_753,2025-01-06 12:40:37,social_media,open,0,
user_1000,2025-01-10 03:11:15,direct,open,0,
user_735,2025-01-11 11:11:31,social_media,click,0,
user_717,2025-01-22 11:15:26,display_ads,click,0,
user_491,2025-01-02 00:39:32,organic_search,open,0,
user_446,2025-01-06 22:46:22,direct,click,0,
user_834,2025-01-25 03:04:23,social_media,click,0,
user_700,2025-01-17 18:52:08,direct,click,0,
user_299,2025-01-16 04:11:30,direct,open,0,
user_606,2025-01-11 13:07:45,display_ads,click,0,
user_31,2025-01-23 05:52:36,social_media,click,0,
user_696,2025-01-02 04:42:37,organic_search,conversion,1,3.0
user_168,2025-01-13 18:44:07,social_media,conversion,1,5.0
user_516,2025-01-12 23:12:31,social_media,open,0,
user_114,2025-01-25 15:31:04,social_media,open,0,
user_88,2025-01-22 00:03:15,social_media,open,0,
user_514,2025-01-21 00:34:28,social_media,open,0,
user_121,2025-01-04 12:34:47,organic_search,conversion,1,
user_864,2025-01-03 07:22:40,organic_search,click,0,
user_235,2025-01-25 01:54:41,organic_search,open,0,
user_589,2025-01-07 21:46:34,display_ads,conversion,1,3.0
user_874,2025-01-08 06:09:15,display_ads,conversion,1,5.0
user_908,2025-01-05 20:58:38,organic_search,click,0,
user_508,2025-01-17 15:44:30,email,click,0,
user_157,2025-01-25 08:31:31,social_media,open,0,
user_270,2025-01-11 06:11:15,display_ads,click,0,
user_387,2025-01-10 04:26:39,social_media,open,0,
user_944,2025-01-12 23:14:19,organic_search,click,0,
user_534,2025-01-21 20:29:46,direct,click,0,
user_362,2025-01-18 13:57:18,email,click,0,
user_626,2025-01-19 19:43:41,social_media,click,0,
user_621,2025-01-14 19:18:59,email,click,0,
user_264,2025-01-10 06:06:06,social_media,open,0,
user_835,2025-01-18 06:26:27,social_media,open,0,
user_53,2025-01-04 14:54:17,social_media,click,0,
user_474,2025-01-06 08:41:57,display_ads,open,0,
user_371,2025-01-23 10:08:57,display_ads,click,0,
user_838,2025-01-01 04:18:31,direct,open,0,
user_708,2025-01-25 03:29:02,organic_search,open,0,
user_692,2025-01-16 01:34:03,organic_search,click,0,
user_950,2025-01-14 23:35:41,organic_search,click,0,
user_827,2025-01-05 07:17:50,organic_search,conversion,1,3.0
user_363,2025-01-09 02:51:10,social_media,open,0,
user_291,2025-01-10 04:54:31,display_ads,open,0,
user_143,2025-01-07 20:06:24,organic_search,click,0,
user_644,2025-01-17 15:14:56,display_ads,click,0,
user_716,2025-01-22 22:22:45,social_media,open,0,
user_676,2025-01-25 14:48:05,social_media,click,0,
user_327,2025-01-25 01:30:20,email,open,0,
user_662,2025-01-08 13:15:24,organic_search,open,0,
user_907,2025-01-10 21:20:52,direct,click,0,
user_273,2025-01-14 11:43:24,organic_search,click,0,
user_795,2025-01-20 03:33:20,social_media,open,0,
user_425,2025-01-04 01:25:34,direct,click,0,
user_797,2025-01-04 09:23:04,display_ads,open,0,
user_920,2025-01-12 06:00:53,direct,click,0,
user_316,2025-01-09 04:41:33,display_ads,click,0,
user_446,2025-01-11 04:51:04,social_media,conversion,1,2.0
user_273,2025-01-11 08:14:59,display_ads,click,0,
user_487,2025-01-22 22:13:25,organic_search,click,0,
user_157,2025-01-02 10:42:44,display_ads,open,0,
user_868,2025-01-17 16:47:28,display_ads,click,0,
user_275,2025-01-19 04:37:15,display_ads,open,0,
user_744,2025-01-09 16:25:14,email,click,0,
user_616,2025-01-03 01:40:37,display_ads,open,0,
user_367,2025-01-20 18:40:58,display_ads,open,0,
user_358,2025-01-22 17:23:08,direct,click,0,
user_461,2025-01-13 09:29:20,organic_search,conversion,1,1.0
user_125,2025-01-01 10:54:15,organic_search,open,0,
user_353,2025-01-22 06:34:14,organic_search,click,0,
user_223,2025-01-15 05:16:33,display_ads,click,0,
user_833,2025-01-25 13:52:23,direct,click,0,
user_151,2025-01-05 16:41:12,social_media,click,0,
user_361,2025-01-09 04:40:24,social_media,click,0,
user_523,2025-01-12 18:53:41,email,click,0,
user_381,2025-01-18 23:32:49,display_ads,conversion,1,5.0
user_732,2025-01-15 20:28:18,display_ads,click,0,
user_710,2025-01-14 23:57:13,direct,open,0,
user_660,2025-01-19 04:44:28,social_media,open,0,
user_362,2025-01-14 02:32:06,direct,open,0,
user_445,2025-01-15 05:57:17,organic_search,click,0,
user_645,2025-01-19 15:25:09,social_media,click,0,
user_593,2025-01-01 22:10:52,display_ads,open,0,
user_855,2025-01-23 08:00:29,display_ads,open,0,
user_656,2025-01-16 05:05:35,direct,click,0,
user_325,2025-01-15 15:31:26,email,open,0,
user_516,2025-01-21 04:10:48,organic_search,open,0,
user_550,2025-01-24 01:13:58,organic_search,click,0,
user_198,2025-01-15 06:38:13,display_ads,open,0,
user_309,2025-01-06 04:24:40,organic_search,open,0,
user_230,2025-01-22 20:15:16,organic_search,open,0,
user_423,2025-01-14 22:19:20,display_ads,open,0,
user_206,2025-01-04 14:38:32,display_ads,click,0,
user_69,2025-01-19 10:18:11,organic_search,open,0,
user_32,2025-01-13 23:11:57,social_media,click,0,
user_819,2025-01-23 05:19:31,direct,click,0,
user_644,2025-01-23 18:17:30,email,open,0,
user_588,2025-01-04 12:41:15,social_media,click,0,
user_815,2025-01-03 16:23:41,display_ads,open,0,
user_246,2025-01-24 13:06:19,organic_search,open,0,
user_424,2025-01-07 00:02:11,organic_search,conversion,1,4.0
user_802,2025-01-17 06:35:53,social_media,click,0,
user_858,2025-01-06 13:41:31,direct,open,0,
user_199,2025-01-09 23:17:57,direct,click,0,
user_519,2025-01-01 10:13:06,social_media,click,0,
user_718,2025-01-12 14:05:57,email,click,0,
user_747,2025-01-07 13:18:37,display_ads,click,0,
user_856,2025-01-17 17:40:34,display_ads,open,0,
user_867,2025-01-19 09:33:39,direct,open,0,
user_229,2025-01-13 02:48:34,display_ads,open,0,
user_452,2025-01-25 03:14:02,email,click,0,
user_773,2025-01-23 05:04:44,social_media,open,0,
user_355,2025-01-10 03:36:19,email,open,0,
user_494,2025-01-13 16:17:22,direct,click,0,
user_709,2025-01-15 06:30:23,organic_search,open,0,
user_997,2025-01-25 14:21:53,direct,click,0,
user_444,2025-01-01 06:23:05,organic_search,click,0,
user_417,2025-01-15 11:15:05,organic_search,click,0,
user_437,2025-01-03 03:53:14,display_ads,click,0,
user_509,2025-01-12 22:07:53,direct,open,0,
user_393,2025-01-24 22:01:55,email,open,0,
user_646,2025-01-10 06:11:02,direct,conversion,1,2.0
user_83,2025-01-05 10:23:09,social_media,click,0,
user_912,2025-01-19 08:35:19,direct,click,0,
user_133,2025-01-21 08:45:11,social_media,open,0,
user_482,2025-01-05 15:27:44,organic_search,click,0,
user_939,2025-01-08 06:04:00,direct,click,0,
user_345,2025-01-24 07:38:21,email,click,0,
user_332,2025-01-12 06:00:40,social_media,open,0,
user_104,2025-01-14 10:58:19,social_media,conversion,1,1.0
user_792,2025-01-07 14:19:12,direct,click,0,
user_249,2025-01-08 16:07:07,email,click,0,
user_502,2025-01-14 22:16:29,direct,open,0,
user_822,2025-01-11 07:49:54,display_ads,open,0,
user_130,2025-01-10 09:58:28,organic_search,open,0,
user_67,2025-01-24 05:51:16,organic_search,open,0,
user_704,2025-01-20 01:01:21,organic_search,open,0,
user_306,2025-01-20 05:24:08,email,click,0,
user_102,2025-01-05 19:09:14,organic_search,click,0,
user_552,2025-01-09 19:47:17,social_media,click,0,
user_7,2025-01-10 15:18:20,social_media,conversion,1,1.0
user_111,2025-01-24 15:44:11,email,click,0,
user_549,2025-01-04 19:37:48,display_ads,open,0,
user_539,2025-01-19 21:03:07,direct,open,0,
user_961,2025-01-22 01:37:09,display_ads,conversion,1,1.0
user_260,2025-01-08 22:05:41,direct,open,0,
user_7,2025-01-03 18:44:50,social_media,open,0,
user_687,2025-01-02 01:03:19,organic_search,open,0,
user_180,2025-01-25 16:33:15,organic_search,click,0,
user_128,2025-01-07 08:04:03,email,click,0,
user_864,2025-01-13 10:58:41,email,click,0,
user_40,2025-01-08 18:13:17,email,click,0,
user_881,2025-01-24 11:15:51,direct,click,0,
user_284,2025-01-17 13:57:43,email,open,0,
user_432,2025-01-09 16:20:55,email,click,0,
user_479,2025-01-15 05:57:33,display_ads,open,0,
user_338,2025-01-24 05:55:03,display_ads,click,0,
user_456,2025-01-20 13:03:17,email,click,0,
user_412,2025-01-13 20:31:59,display_ads,open,0,
user_729,2025-01-09 04:58:09,email,click,0,
user_137,2025-01-25 10:43:08,organic_search,conversion,1,3.0
user_95,2025-01-20 21:52:21,direct,open,0,
user_284,2025-01-01 19:14:45,direct,click,0,
user_750,2025-01-05 11:43:36,email,open,0,
user_37,2025-01-04 08:02:46,display_ads,conversion,1,4.0
user_878,2025-01-24 05:34:56,display_ads,click,0,
user_974,2025-01-21 00:47:42,social_media,open,0,
user_342,2025-01-23 15:03:37,display_ads,open,0,
user_729,2025-01-17 12:23:49,organic_search,open,0,
user_167,2025-01-10 11:26:56,email,click,0,
user_559,2025-01-01 00:12:06,organic_search,conversion,1,3.0
user_958,2025-01-02 16:09:46,email,click,0,
user_36,2025-01-07 06:59:21,social_media,open,0,
user_267,2025-01-09 18:37:56,organic_search,open,0,
user_887,2025-01-12 00:09:44,display_ads,click,0,
user_636,2025-01-14 17:43:22,email,click,0,
user_518,2025-01-09 14:55:29,direct,click,0,
user_758,2025-01-14 11:00:15,display_ads,click,0,
user_728,2025-01-17 23:51:51,display_ads,conversion,1,2.0
user_293,2025-01-05 04:00:13,social_media,click,0,
user_114,2025-01-14 04:29:45,social_media,open,0,
user_432,2025-01-23 03:19:02,email,conversion,1,
user_654,2025-01-03 19:30:20,direct,open,0,
user_161,2025-01-24 12:47:02,display_ads,click,0,
user_11,2025-01-07 08:01:30,direct,open,0,
user_685,2025-01-02 00:11:23,organic_search,conversion,1,5.0
user_747,2025-01-04 19:04:02,organic_search,open,0,
user_755,2025-01-09 13:37:01,direct,conversion,1,1.0
user_253,2025-01-03 11:25:22,organic_search,open,0,
user_292,2025-01-02 09:33:48,organic_search,click,0,
user_507,2025-01-24 23:54:10,organic_search,conversion,1,2.0
user_81,2025-01-01 08:11:50,direct,open,0,
user_298,2025-01-02 08:16:49,social_media,click,0,
user_65,2025-01-06 07:08:37,email,click,0,
user_195,2025-01-15 10:59:33,display_ads,click,0,
user_495,2025-01-02 21:16:28,direct,open,0,
user_375,2025-01-20 05:25:12,organic_search,click,0,
user_789,2025-01-05 11:09:37,organic_search,click,0,
user_545,2025-01-11 22:04:06,social_media,open,0,
user_934,2025-01-02 02:13:49,organic_search,conversion,1,1.0
user_926,2025-01-21 23:08:38,organic_search,conversion,1,5.0
user_223,2025-01-01 16:51:59,social_media,click,0,
user_644,2025-01-22 21:37:39,display_ads,conversion,1,3.0
user_843,2025-01-20 08:09:56,direct,open,0,
user_461,2025-01-12 06:31:38,direct,open,0,
user_353,2025-01-16 23:41:42,social_media,open,0,
user_764,2025-01-07 08:43:45,display_ads,open,0,
user_383,2025-01-02 09:55:25,display_ads,open,0,
user_215,2025-01-19 11:31:42,direct,click,0,
user_991,2025-01-06 18:21:06,direct,open,0,
user_155,2025-01-15 23:13:11,email,open,0,
user_223,2025-01-14 23:51:48,display_ads,click,0,
user_910,2025-01-10 22:44:04,email,open,0,
user_450,2025-01-09 05:21:12,direct,click,0,
user_350,2025-01-16 11:31:18,organic_search,open,0,
user_969,2025-01-07 08:56:53,organic_search,click,0,
user_857,2025-01-20 03:54:51,organic_search,open,0,
user_403,2025-01-03 17:05:39,display_ads,open,0,
user_285,2025-01-15 08:37:34,display_ads,click,0,
user_453,2025-01-09 08:26:27,social_media,click,0,
user_74,2025-01-05 09:00:49,social_media,open,0,
user_246,2025-01-15 20:11:19,email,click,0,
user_800,2025-01-11 08:09:23,organic_search,click,0,
user_890,2025-01-09 03:02:26,display_ads,click,0,
user_879,2025-01-15 12:47:00,display_ads,click,0,
user_467,2025-01-05 15:06:25,organic_search,click,0,
user_617,2025-01-11 01:18:19,direct,click,0,
user_794,2025-01-08 07:50:27,direct,open,0,
user_662,2025-01-08 09:26:29,organic_search,open,0,
user_47,2025-01-05 10:34:39,social_media,click,0,
user_747,2025-01-19 02:18:53,display_ads,open,0,
user_384,2025-01-15 02:02:16,organic_search,conversion,1,
user_203,2025-01-17 06:44:30,display_ads,open,0,
user_98,2025-01-03 13:54:50,social_media,click,0,
user_442,2025-01-11 15:28:08,organic_search,click,0,
user_869,2025-01-08 14:49:41,organic_search,open,0,
user_870,2025-01-20 01:08:05,display_ads,click,0,
user_550,2025-01-09 20:30:15,organic_search,open,0,
user_466,2025-01-24 05:32:58,display_ads,open,0,
user_752,2025-01-14 08:40:33,organic_search,click,0,
user_808,2025-01-11 18:01:51,email,click,0,
user_744,2025-01-21 18:55:49,organic_search,click,0,
user_714,2025-01-05 18:17:54,organic_search,open,0,
user_609,2025-01-03 23:43:02,organic_search,click,0,
user_830,2025-01-08 15:51:10,social_media,open,0,
user_596,2025-01-13 13:56:07,organic_search,click,0,
user_382,2025-01-10 09:24:17,email,click,0,
user_533,2025-01-09 21:08:11,display_ads,click,0,
user_614,2025-01-06 10:05:17,organic_search,click,0,
user_678,2025-01-09 15:26:29,email,conversion,1,2.0
user_781,2025-01-18 21:38:14,social_media,click,0,
user_253,2025-01-14 20:14:31,email,open,0,
user_205,2025-01-03 13:48:42,organic_search,click,0,
user_269,2025-01-06 05:04:46,direct,click,0,
user_626,2025-01-22 02:05:21,email,click,0,
user_174,2025-01-20 06:15:48,social_media,click,0,
user_135,2025-01-05 06:35:45,organic_search,click,0,
user_934,2025-01-14 09:39:17,organic_search,click,0,
user_550,2025-01-01 23:39:17,display_ads,click,0,
user_732,2025-01-03 02:43:36,email,click,0,
user_888,2025-01-22 06:11:36,organic_search,open,0,
user_761,2025-01-24 10:06:01,display_ads,click,0,
user_146,2025-01-12 23:41:12,social_media,open,0,
user_675,2025-01-06 00:10:49,social_media,open,0,
user_884,2025-01-14 15:36:32,email,open,0,
user_31,2025-01-25 02:40:21,display_ads,click,0,
user_998,2025-01-07 09:05:44,direct,open,0,
user_395,2025-01-23 06:57:41,email,open,0,
user_42,2025-01-19 03:32:21,direct,open,0,
user_365,2025-01-09 07:48:08,direct,conversion,1,4.0
user_582,2025-01-05 14:27:00,social_media,open,0,
user_104,2025-01-23 19:22:50,display_ads,click,0,
user_910,2025-01-11 05:21:25,organic_search,click,0,
user_242,2025-01-03 14:03:48,email,open,0,
user_587,2025-01-21 23:28:35,email,conversion,1,3.0
user_521,2025-01-13 20:26:30,direct,open,0,
user_287,2025-01-05 13:15:15,display_ads,click,0,
user_612,2025-01-24 11:02:54,organic_search,click,0,
user_978,2025-01-11 19:40:13,organic_search,open,0,
user_719,2025-01-14 13:17:20,email,open,0,
user_368,2025-01-04 08:47:43,organic_search,click,0,
user_458,2025-01-02 01:15:31,organic_search,open,0,
user_486,2025-01-15 09:49:20,social_media,open,0,
user_463,2025-01-19 09:14:10,direct,open,0,
user_748,2025-01-01 20:13:20,social_media,click,0,
user_72,2025-01-17 07:01:54,email,open,0,
user_85,2025-01-03 02:20:50,direct,conversion,1,4.0
user_993,2025-01-20 20:50:53,organic_search,open,0,
user_447,2025-01-13 00:37:03,organic_search,click,0,
user_953,2025-01-20 10:55:10,email,click,0,
user_885,2025-01-15 01:05:53,display_ads,click,0,
user_901,2025-01-22 22:42:14,email,click,0,
user_267,2025-01-05 14:16:06,organic_search,click,0,
user_724,2025-01-10 14:45:58,display_ads,open,0,
user_221,2025-01-09 10:20:10,organic_search,open,0,
user_334,2025-01-13 08:48:39,direct,conversion,1,1.0
user_663,2025-01-13 05:15:19,organic_search,click,0,
user_888,2025-01-09 17:17:23,social_media,click,0,
user_599,2025-01-03 08:06:08,organic_search,click,0,
user_888,2025-01-17 22:48:25,direct,open,0,
user_705,2025-01-18 13:13:01,display_ads,conversion,1,2.0
user_701,2025-01-04 18:35:33,email,open,0,
user_352,2025-01-04 20:42:12,social_media,click,0,
user_558,2025-01-24 23:41:34,social_media,open,0,
user_675,2025-01-09 18:08:49,direct,click,0,
user_728,2025-01-15 19:52:23,social_media,open,0,
user_873,2025-01-23 21:06:09,organic_search,open,0,
user_411,2025-01-15 12:25:50,display_ads,click,0,
user_942,2025-01-08 18:06:59,direct,open,0,
user_219,2025-01-07 10:35:02,email,click,0,
user_425,2025-01-16 02:08:47,social_media,click,0,
user_806,2025-01-05 00:16:45,organic_search,open,0,
user_827,2025-01-13 00:05:45,social_media,click,0,
user_105,2025-01-21 01:05:53,social_media,click,0,
user_938,2025-01-14 12:21:47,social_media,click,0,
user_57,2025-01-06 00:12:42,organic_search,open,0,
user_355,2025-01-24 19:38:31,display_ads,click,0,
user_965,2025-01-13 23:52:42,display_ads,open,0,
user_593,2025-01-13 12:35:41,email,open,0,
user_60,2025-01-13 02:43:39,social_media,conversion,1,2.0
user_554,2025-01-16 20:36:08,display_ads,click,0,
user_716,2025-01-01 23:58:13,display_ads,click,0,
user_334,2025-01-18 06:36:01,direct,click,0,
user_628,2025-01-16 14:58:33,social_media,click,0,
user_324,2025-01-02 18:37:07,organic_search,click,0,
user_390,2025-01-18 15:10:39,social_media,click,0,
user_746,2025-01-17 09:21:14,email,open,0,
user_716,2025-01-21 14:19:16,email,open,0,
user_81,2025-01-12 19:55:57,social_media,open,0,
user_548,2025-01-13 22:13:18,direct,click,0,
user_774,2025-01-14 07:35:21,email,conversion,1,
user_217,2025-01-06 21:38:17,social_media,open,0,
user_992,2025-01-08 03:28:21,email,conversion,1,5.0
user_663,2025-01-06 16:24:59,organic_search,open,0,
user_470,2025-01-05 16:28:09,organic_search,click,0,
user_800,2025-01-04 20:29:28,email,click,0,
user_352,2025-01-09 01:58:59,direct,click,0,
user_221,2025-01-11 17:16:53,organic_search,click,0,
user_409,2025-01-22 20:07:03,email,conversion,1,3.0
user_662,2025-01-14 12:04:35,social_media,open,0,
user_941,2025-01-20 19:02:54,email,click,0,
user_628,2025-01-20 11:32:59,display_ads,click,0,
user_309,2025-01-20 07:53:39,social_media,open,0,
user_601,2025-01-06 17:24:09,direct,click,0,
user_407,2025-01-22 11:03:28,organic_search,open,0,
user_183,2025-01-04 05:20:14,display_ads,open,0,
user_164,2025-01-10 16:26:24,direct,open,0,
user_488,2025-01-13 23:10:43,direct,click,0,
user_120,2025-01-12 06:52:41,direct,click,0,
user_694,2025-01-25 08:23:51,direct,open,0,
user_587,2025-01-07 15:59:29,organic_search,click,0,
user_215,2025-01-10 03:16:48,organic_search,click,0,
user_455,2025-01-05 14:45:16,email,click,0,
user_324,2025-01-14 11:08:09,social_media,open,0,
user_742,2025-01-03 13:16:22,display_ads,click,0,
user_131,2025-01-01 05:18:29,organic_search,click,0,
user_738,2025-01-16 17:56:37,organic_search,click,0,
user_668,2025-01-02 12:52:39,social_media,click,0,
user_878,2025-01-10 12:08:19,organic_search,click,0,
user_762,2025-01-21 21:17:25,organic_search,click,0,
user_46,2025-01-01 10:46:46,social_media,open,0,
user_252,2025-01-14 07:38:11,direct,click,0,
user_721,2025-01-03 21:32:05,direct,click,0,
user_582,2025-01-11 18:23:10,direct,click,0,
user_249,2025-01-14 11:19:19,email,conversion,1,
user_437,2025-01-08 06:08:11,email,click,0,
user_234,2025-01-02 13:38:37,display_ads,open,0,
user_167,2025-01-16 03:24:28,display_ads,conversion,1,2.0
user_771,2025-01-16 07:45:57,email,click,0,
user_460,2025-01-16 11:37:37,direct,open,0,
user_741,2025-01-23 10:27:16,organic_search,click,0,
user_523,2025-01-22 16:32:45,email,click,0,
user_304,2025-01-12 16:01:51,social_media,open,0,
user_634,2025-01-01 19:39:00,email,open,0,
user_934,2025-01-20 18:43:23,display_ads,open,0,
user_564,2025-01-09 23:48:45,social_media,click,0,
user_56,2025-01-15 02:20:43,email,click,0,
user_444,2025-01-13 12:46:51,social_media,click,0,
user_779,2025-01-08 22:00:27,direct,open,0,
user_535,2025-01-12 21:01:44,direct,click,0,
user_239,2025-01-19 03:53:27,display_ads,open,0,
user_439,2025-01-25 21:03:27,organic_search,open,0,
user_164,2025-01-22 17:23:58,organic_search,open,0,
user_194,2025-01-02 00:43:48,social_media,click,0,
user_46,2025-01-06 12:20:31,social_media,click,0,
user_634,2025-01-05 21:42:11,organic_search,click,0,
user_589,2025-01-11 06:44:35,direct,click,0,
user_856,2025-01-24 04:43:01,organic_search,click,0,
user_487,2025-01-05 06:45:40,display_ads,click,0,
user_644,2025-01-19 08:34:29,social_media,conversion,1,4.0
user_151,2025-01-16 15:57:04,organic_search,open,0,
user_534,2025-01-12 22:59:56,display_ads,open,0,
user_532,2025-01-08 07:48:44,direct,open,0,
user_739,2025-01-11 05:37:39,direct,open,0,
user_253,2025-01-09 05:07:57,email,click,0,
user_334,2025-01-12 23:55:30,display_ads,click,0,
user_234,2025-01-12 01:37:31,organic_search,click,0,
user_11,2025-01-20 10:29:01,email,open,0,
user_230,2025-01-16 18:55:25,social_media,click,0,
user_88,2025-01-19 16:56:09,organic_search,click,0,
user_523,2025-01-05 19:44:48,email,conversion,1,
user_856,2025-01-04 10:18:09,email,click,0,
user_79,2025-01-14 19:20:07,display_ads,click,0,
user_333,2025-01-01 20:08:54,social_media,open,0,
user_914,2025-01-01 13:51:15,display_ads,click,0,
user_462,2025-01-13 20:15:44,direct,click,0,
user_841,2025-01-04 00:50:49,email,conversion,1,4.0
user_782,2025-01-25 19:47:42,email,click,0,
user_539,2025-01-20 08:03:53,email,click,0,
user_53,2025-01-25 04:08:40,organic_search,open,0,
user_360,2025-01-15 17:51:32,email,open,0,
user_934,2025-01-05 03:35:15,email,click,0,
user_205,2025-01-23 21:55:39,social_media,open,0,
user_93,2025-01-13 00:26:28,direct,click,0,
user_666,2025-01-24 23:59:17,organic_search,click,0,
user_634,2025-01-10 06:09:48,social_media,open,0,
user_526,2025-01-16 01:11:28,organic_search,open,0,
user_154,2025-01-15 01:37:04,direct,conversion,1,2.0
user_660,2025-01-23 22:22:33,display_ads,open,0,
user_999,2025-01-25 18:59:44,display_ads,click,0,
user_89,2025-01-02 16:56:16,email,click,0,
user_773,2025-01-12 11:35:45,organic_search,open,0,
user_218,2025-01-25 11:56:49,email,click,0,
user_722,2025-01-20 06:28:05,email,open,0,
user_629,2025-01-01 04:35:44,organic_search,open,0,
user_460,2025-01-23 11:14:25,social_media,click,0,
user_614,2025-01-19 16:08:35,organic_search,click,0,
user_941,2025-01-02 01:23:36,email,conversion,1,4.0
user_429,2025-01-09 15:02:56,email,click,0,
user_529,2025-01-13 15:27:46,organic_search,click,0,
user_393,2025-01-22 18:49:04,display_ads,open,0,
user_502,2025-01-06 01:56:46,direct,open,0,
user_174,2025-01-24 19:06:23,email,click,0,
user_406,2025-01-20 07:15:57,direct,open,0,
user_578,2025-01-14 13:46:17,email,click,0,
user_323,2025-01-07 03:41:14,social_media,conversion,1,4.0
user_501,2025-01-06 07:09:10,organic_search,open,0,
user_170,2025-01-13 03:05:12,organic_search,conversion,1,2.0
user_147,2025-01-05 00:03:44,display_ads,conversion,1,4.0
user_799,2025-01-21 23:57:59,direct,click,0,
user_109,2025-01-22 23:43:55,direct,click,0,
user_826,2025-01-15 12:35:12,direct,click,0,
user_364,2025-01-11 11:20:09,email,click,0,
user_968,2025-01-02 04:37:56,direct,conversion,1,3.0
user_530,2025-01-11 11:25:55,email,open,0,
user_108,2025-01-08 18:45:44,organic_search,click,0,
user_791,2025-01-20 00:56:54,social_media,click,0,
user_137,2025-01-16 07:07:01,email,open,0,
user_256,2025-01-05 07:17:33,display_ads,click,0,
user_275,2025-01-05 21:17:08,organic_search,open,0,
user_810,2025-01-18 01:24:28,organic_search,click,0,
user_694,2025-01-17 20:09:51,social_media,open,0,
user_339,2025-01-05 06:40:36,display_ads,click,0,
user_472,2025-01-10 05:49:47,social_media,click,0,
user_335,2025-01-11 20:55:02,display_ads,open,0,
user_568,2025-01-02 00:20:47,display_ads,open,0,
user_406,2025-01-02 17:30:45,direct,click,0,
user_881,2025-01-08 16:40:08,organic_search,click,0,
user_32,2025-01-19 11:42:40,social_media,open,0,
user_283,2025-01-09 13:37:05,display_ads,open,0,
user_273,2025-01-12 22:34:21,display_ads,conversion,1,
user_945,2025-01-06 21:45:56,direct,click,0,
user_987,2025-01-10 18:07:25,organic_search,click,0,
user_727,2025-01-07 01:23:56,display_ads,click,0,
user_461,2025-01-02 22:27:25,display_ads,click,0,
user_850,2025-01-25 10:26:59,email,open,0,
user_414,2025-01-21 19:46:19,direct,conversion,1,1.0
user_601,2025-01-20 08:15:24,social_media,click,0,
user_978,2025-01-07 02:54:20,direct,open,0,
user_203,2025-01-05 18:12:07,direct,click,0,
user_258,2025-01-07 15:20:28,organic_search,conversion,1,5.0
user_266,2025-01-18 23:47:20,display_ads,click,0,
user_564,2025-01-22 18:05:44,organic_search,open,0,
user_674,2025-01-15 17:18:19,email,click,0,
user_767,2025-01-03 02:01:23,social_media,click,0,
user_61,2025-01-02 12:55:59,organic_search,open,0,
user_635,2025-01-09 13:25:35,direct,conversion,1,5.0
user_634,2025-01-08 01:27:24,display_ads,click,0,
user_824,2025-01-01 02:14:32,display_ads,click,0,
user_440,2025-01-17 22:30:11,direct,open,0,
user_470,2025-01-12 11:50:13,display_ads,click,0,
user_854,2025-01-08 13:49:01,social_media,open,0,
user_158,2025-01-09 01:47:29,email,open,0,
user_250,2025-01-02 12:32:00,email,click,0,
user_672,2025-01-14 18:07:34,email,open,0,
user_164,2025-01-23 09:33:16,display_ads,open,0,
user_825,2025-01-19 14:13:41,organic_search,click,0,
user_723,2025-01-24 16:14:22,display_ads,conversion,1,1.0
user_62,2025-01-10 13:33:46,organic_search,open,0,
user_587,2025-01-03 00:58:31,email,click,0,
user_32,2025-01-09 21:14:06,email,open,0,
user_805,2025-01-20 02:08:36,direct,open,0,
user_209,2025-01-25 16:43:37,display_ads,click,0,
user_822,2025-01-19 22:10:04,display_ads,open,0,
user_125,2025-01-13 00:39:52,email,open,0,
user_976,2025-01-17 03:06:58,display_ads,conversion,1,
user_908,2025-01-20 14:10:45,email,click,0,
user_406,2025-01-06 06:52:16,display_ads,open,0,
user_878,2025-01-03 17:40:28,display_ads,open,0,
user_565,2025-01-23 16:40:42,email,open,0,
user_208,2025-01-24 06:33:59,email,click,0,
user_725,2025-01-04 15:09:06,organic_search,click,0,
user_791,2025-01-09 22:14:07,social_media,click,0,
user_118,2025-01-07 00:42:14,direct,open,0,
user_949,2025-01-22 09:04:57,direct,open,0,
user_917,2025-01-19 23:37:42,email,open,0,
user_190,2025-01-17 04:58:06,direct,open,0,
user_996,2025-01-19 22:17:47,direct,open,0,
user_696,2025-01-15 21:56:58,organic_search,click,0,
user_516,2025-01-13 18:04:04,display_ads,conversion,1,2.0
user_744,2025-01-20 22:59:27,direct,open,0,
user_38,2025-01-01 04:15:41,direct,open,0,
user_728,2025-01-18 01:50:47,email,click,0,
